,Label
184342,0
184343,0
184344,0
184345,0
184346,0
184347,0
184348,0
184349,0
184350,0
184351,0
184352,0
184353,0
184354,0
184355,0
184356,0
184357,0
184358,0
184359,0
184360,0
184361,0
184362,0
184363,0
184364,0
184365,0
184366,0
184367,0
184368,0
184369,0
184370,0
184371,0
184372,0
184373,0
184374,0
184375,0
184376,0
184377,0
184378,0
184379,0
184380,0
184381,0
184382,0
184383,0
184384,0
184385,0
184386,0
184387,0
184388,0
184389,0
184390,0
184391,0
184392,0
184393,0
184394,0
184395,0
184396,0
184397,0
184398,0
184399,0
184400,0
184401,0
184402,0
184403,0
184404,0
184405,0
184406,0
184407,0
184408,0
184409,0
184410,0
184411,0
184412,0
184413,0
184414,0
184415,0
184416,0
184417,0
184418,0
184419,0
184420,0
184421,0
184422,0
184423,0
184424,0
184425,0
184426,0
184427,0
184428,0
184429,0
184430,0
184431,0
184432,0
184433,0
184434,0
184435,0
184436,0
184437,0
184438,0
184439,0
184440,0
184441,0
184442,0
184443,0
184444,0
184445,0
184446,0
184447,0
184448,0
184449,0
184450,0
184451,0
184452,0
184453,0
184454,0
184455,0
184456,0
184457,0
184458,0
184459,0
184460,0
184461,0
184462,0
184463,0
184464,0
184465,0
184466,0
184467,0
184468,0
184469,0
184470,0
184471,0
184472,0
184473,0
184474,0
184475,0
184476,0
184477,0
184478,0
184479,0
184480,0
184481,0
184482,0
184483,0
184484,0
184485,0
184486,0
184487,0
184488,0
184489,0
184490,0
184491,0
184492,0
184493,0
184494,0
184495,0
184496,0
184497,0
184498,0
184499,0
184500,0
184501,0
184502,0
184503,0
184504,0
184505,0
184506,0
184507,0
184508,0
184509,0
184510,0
184511,0
184512,0
184513,0
184514,0
184515,0
184516,0
184517,0
184518,0
184519,0
184520,0
184521,0
184522,0
184523,0
184524,0
184525,0
184526,0
184527,0
184528,0
184529,0
184530,0
184531,0
184532,0
184533,0
184534,0
184535,0
184536,0
184537,0
184538,0
184539,0
184540,0
184541,0
184542,0
184543,0
184544,0
184545,0
184546,0
184547,0
184548,0
184549,0
184550,0
184551,0
184552,0
184553,0
184554,0
184555,0
184556,0
184557,0
184558,0
184559,0
184560,0
184561,0
184562,0
184563,0
184564,0
184565,0
184566,0
184567,0
184568,0
184569,0
184570,0
184571,0
184572,0
184573,0
184574,0
184575,0
184576,0
184577,0
184578,0
184579,0
184580,0
184581,0
184582,0
184583,0
184584,0
184585,0
184586,0
184587,0
184588,0
184589,0
184590,0
184591,0
184592,0
184593,0
184594,0
184595,0
184596,0
184597,0
184598,0
184599,0
184600,0
184601,0
184602,0
184603,0
184604,0
184605,0
184606,0
184607,0
184608,0
184609,0
184610,0
184611,0
184612,0
184613,0
184614,0
184615,0
184616,0
184617,0
184618,0
184619,0
184620,0
184621,0
184622,0
184623,0
184624,0
184625,0
184626,0
184627,0
184628,0
184629,0
184630,0
184631,0
184632,0
184633,0
184634,0
184635,0
184636,0
184637,0
184638,0
184639,0
184640,0
184641,0
184642,0
184643,0
184644,0
184645,0
184646,0
184647,0
184648,0
184649,0
184650,0
184651,0
184652,0
184653,0
184654,0
184655,0
184656,0
184657,0
184658,0
184659,0
184660,0
184661,0
184662,0
184663,0
184664,0
184665,0
184666,0
184667,0
184668,0
184669,0
184670,0
184671,0
184672,0
184673,0
184674,0
184675,0
184676,0
184677,0
184678,0
184679,0
184680,0
184681,0
184682,0
184683,0
184684,0
184685,0
184686,0
184687,0
184688,0
184689,0
184690,0
184691,0
184692,0
184693,0
184694,0
184695,0
184696,0
184697,0
184698,0
184699,0
184700,0
184701,0
184702,0
184703,0
184704,0
184705,0
184706,0
184707,0
184708,0
184709,0
184710,0
184711,0
184712,0
184713,0
184714,0
184715,0
184716,0
184717,0
184718,0
184719,0
184720,0
184721,0
184722,0
184723,0
184724,0
184725,0
184726,0
184727,0
184728,0
184729,0
184730,0
184731,0
184732,0
184733,0
184734,0
184735,0
184736,0
184737,0
184738,0
184739,0
184740,0
184741,0
184742,0
184743,0
184744,0
184745,0
184746,0
184747,0
184748,0
184749,0
184750,0
184751,0
184752,0
184753,0
184754,0
184755,0
184756,0
184757,0
184758,0
184759,0
184760,0
184761,0
184762,0
184763,0
184764,0
184765,0
184766,0
184767,0
184768,0
184769,0
184770,0
184771,0
184772,0
184773,0
184774,0
184775,0
184776,0
184777,0
184778,0
184779,0
184780,0
184781,0
184782,0
184783,0
184784,0
184785,0
184786,0
184787,0
184788,0
184789,0
184790,0
184791,0
184792,0
184793,0
184794,0
184795,0
184796,0
184797,0
184798,0
184799,0
184800,0
184801,0
184802,0
184803,0
184804,0
184805,0
184806,0
184807,0
184808,0
184809,0
184810,0
184811,0
184812,0
184813,0
184814,0
184815,0
184816,0
184817,0
184818,0
184819,0
184820,0
184821,0
184822,0
184823,0
184824,0
184825,0
184826,0
184827,0
184828,0
184829,0
184830,0
184831,0
184832,0
184833,0
184834,0
184835,0
184836,0
184837,0
184838,0
184839,0
184840,0
184841,0
184842,0
184843,0
184844,0
184845,0
184846,0
184847,0
184848,0
184849,0
184850,0
184851,0
184852,0
184853,0
184854,0
184855,0
184856,0
184857,0
184858,0
184859,0
184860,0
184861,0
184862,0
184863,0
184864,0
184865,0
184866,0
184867,0
184868,0
184869,0
184870,0
184871,0
184872,0
184873,0
184874,0
184875,0
184876,0
184877,0
184878,0
184879,0
184880,0
184881,0
184882,0
184883,0
184884,0
184885,0
184886,0
184887,0
184888,0
184889,0
184890,0
184891,0
184892,0
184893,0
184894,0
184895,0
184896,0
184897,0
184898,0
184899,0
184900,0
184901,0
184902,0
184903,0
184904,0
184905,0
184906,0
184907,0
184908,0
184909,0
184910,0
184911,0
184912,0
184913,0
184914,0
184915,0
184916,0
184917,0
184918,0
184919,0
184920,0
184921,0
184922,0
184923,0
184924,0
184925,0
184926,0
184927,0
184928,0
184929,0
184930,0
184931,0
184932,0
184933,0
184934,0
184935,0
184936,0
184937,0
184938,0
184939,0
184940,0
184941,0
184942,0
184943,0
184944,0
184945,0
184946,0
184947,0
184948,0
184949,0
184950,0
184951,0
184952,0
184953,0
184954,0
184955,0
184956,0
184957,0
184958,0
184959,0
184960,0
184961,0
184962,0
184963,0
184964,0
184965,0
184966,0
184967,0
184968,0
184969,0
184970,0
184971,0
184972,0
184973,0
184974,0
184975,0
184976,0
184977,0
184978,0
184979,0
184980,0
184981,0
184982,0
184983,0
184984,0
184985,0
184986,0
184987,0
184988,0
184989,0
184990,0
184991,0
184992,0
184993,0
184994,0
184995,0
184996,0
184997,0
184998,0
184999,0
185000,0
185001,0
185002,0
185003,0
185004,0
185005,0
185006,0
185007,0
185008,0
185009,0
185010,0
185011,0
185012,0
185013,0
185014,0
185015,0
185016,0
185017,0
185018,0
185019,0
185020,0
185021,0
185022,0
185023,0
185024,0
185025,0
185026,0
185027,0
185028,0
185029,0
185030,0
185031,0
185032,0
185033,0
185034,0
185035,0
185036,0
185037,0
185038,0
185039,0
185040,0
185041,0
185042,0
185043,0
185044,0
185045,0
185046,0
185047,0
185048,0
185049,0
185050,0
185051,0
185052,0
185053,0
185054,0
185055,0
185056,0
185057,0
185058,0
185059,0
185060,0
185061,0
185062,0
185063,0
185064,0
185065,0
185066,0
185067,0
185068,0
185069,0
185070,0
185071,0
185072,0
185073,0
185074,0
185075,0
185076,0
185077,0
185078,0
185079,0
185080,0
185081,0
185082,0
185083,0
185084,0
185085,0
185086,0
185087,0
185088,0
185089,0
185090,0
185091,0
185092,0
185093,0
185094,0
185095,0
185096,0
185097,0
185098,0
185099,0
185100,0
185101,0
185102,0
185103,0
185104,0
185105,0
185106,0
185107,0
185108,0
185109,0
185110,0
185111,0
185112,0
185113,0
185114,0
185115,0
185116,0
185117,0
185118,0
185119,0
185120,0
185121,0
185122,0
185123,0
185124,0
185125,0
185126,0
185127,0
185128,0
185129,0
185130,0
185131,0
185132,0
185133,0
185134,0
185135,0
185136,0
185137,0
185138,0
185139,0
185140,0
185141,0
185142,0
185143,0
185144,0
185145,0
185146,0
185147,0
185148,0
185149,0
185150,0
185151,0
185152,0
185153,0
185154,0
185155,0
185156,0
185157,0
185158,0
185159,0
185160,0
185161,0
185162,0
185163,0
185164,0
185165,0
185166,0
185167,0
185168,0
185169,0
185170,0
185171,0
185172,0
185173,0
185174,0
185175,0
185176,0
185177,0
185178,0
185179,0
185180,0
185181,0
185182,0
185183,0
185184,0
185185,0
185186,0
185187,0
185188,0
185189,0
185190,0
185191,0
185192,0
185193,0
185194,0
185195,0
185196,0
185197,0
185198,0
185199,0
185200,0
185201,0
185202,0
185203,0
185204,0
185205,0
185206,0
185207,0
185208,0
185209,0
185210,0
185211,0
185212,0
185213,0
185214,0
185215,0
185216,0
185217,0
185218,0
185219,0
185220,0
185221,0
185222,0
185223,0
185224,0
185225,0
185226,0
185227,0
185228,0
185229,0
185230,0
185231,0
185232,0
185233,0
185234,0
185235,0
185236,0
185237,0
185238,0
185239,0
185240,0
185241,0
185242,0
185243,0
185244,0
185245,0
185246,0
185247,0
185248,0
185249,0
185250,0
185251,0
185252,0
185253,0
185254,0
185255,0
185256,0
185257,0
185258,0
185259,0
185260,0
185261,0
185262,0
185263,0
185264,0
185265,0
185266,0
185267,0
185268,0
185269,0
185270,0
185271,0
185272,0
185273,0
185274,0
185275,0
185276,0
185277,0
185278,0
185279,0
185280,0
185281,0
185282,0
185283,0
185284,0
185285,0
185286,0
185287,0
185288,0
185289,0
185290,0
185291,0
185292,0
185293,0
185294,0
185295,0
185296,0
185297,0
185298,0
185299,0
185300,0
185301,0
185302,0
185303,0
185304,0
185305,0
185306,0
185307,0
185308,0
185309,0
185310,0
185311,0
185312,0
185313,0
185314,0
185315,0
185316,0
185317,0
185318,0
185319,0
185320,0
185321,0
185322,0
185323,0
185324,0
185325,0
185326,0
185327,0
185328,0
185329,0
185330,0
185331,0
185332,0
185333,0
185334,0
185335,0
185336,0
185337,0
185338,0
185339,0
185340,0
185341,0
185342,0
185343,0
185344,0
185345,0
185346,0
185347,0
185348,0
185349,0
185350,0
185351,0
185352,0
185353,0
185354,0
185355,0
185356,0
185357,0
185358,0
185359,0
185360,0
185361,0
185362,0
185363,0
185364,0
185365,0
185366,0
185367,0
185368,0
185369,0
185370,0
185371,0
185372,0
185373,0
185374,0
185375,0
185376,0
185377,0
185378,0
185379,0
185380,0
185381,0
185382,0
185383,0
185384,0
185385,0
185386,0
185387,0
185388,0
185389,0
185390,0
185391,0
185392,0
185393,0
185394,0
185395,0
185396,0
185397,0
185398,0
185399,0
185400,0
185401,0
185402,0
185403,0
185404,0
185405,0
185406,0
185407,0
185408,0
185409,0
185410,0
185411,0
185412,0
185413,0
185414,0
185415,0
185416,0
185417,0
185418,0
185419,0
185420,0
185421,0
185422,0
185423,0
185424,0
185425,0
185426,0
185427,0
185428,0
185429,0
185430,0
185431,0
185432,0
185433,0
185434,0
185435,0
185436,0
185437,0
185438,0
185439,0
185440,0
185441,0
185442,0
185443,0
185444,0
185445,0
185446,0
185447,0
185448,0
185449,0
185450,0
185451,0
185452,0
185453,0
185454,0
185455,0
185456,0
185457,0
185458,0
185459,0
185460,0
185461,0
185462,0
185463,0
185464,0
185465,0
185466,0
185467,0
185468,0
185469,0
185470,0
185471,0
185472,0
185473,0
185474,0
185475,0
185476,0
185477,0
185478,0
185479,0
185480,0
185481,0
185482,0
185483,0
185484,0
185485,0
185486,0
185487,0
185488,0
185489,0
185490,0
185491,0
185492,0
185493,0
185494,0
185495,0
185496,0
185497,0
185498,0
185499,0
185500,0
185501,0
185502,0
185503,0
185504,0
185505,0
185506,0
185507,0
185508,0
185509,0
185510,0
185511,0
185512,0
185513,0
185514,0
185515,0
185516,0
185517,0
185518,0
185519,0
185520,0
185521,0
185522,0
185523,0
185524,0
185525,0
185526,0
185527,0
185528,0
185529,0
185530,0
185531,0
185532,0
185533,0
185534,0
185535,0
185536,0
185537,0
185538,0
185539,0
185540,0
185541,0
185542,0
185543,0
185544,0
185545,0
185546,0
185547,0
185548,0
185549,0
185550,0
185551,0
185552,0
185553,0
185554,0
185555,0
185556,0
185557,0
185558,0
185559,0
185560,0
185561,0
185562,0
185563,0
185564,0
185565,0
185566,0
185567,0
185568,0
185569,0
185570,0
185571,0
185572,0
185573,0
185574,0
185575,0
185576,0
185577,0
185578,0
185579,0
185580,0
185581,0
185582,0
185583,0
185584,0
185585,0
185586,0
185587,0
185588,0
185589,0
185590,0
185591,0
185592,0
185593,0
185594,0
185595,0
185596,0
185597,0
185598,0
185599,0
185600,0
185601,0
185602,0
185603,0
185604,0
185605,0
185606,0
185607,0
185608,0
185609,0
185610,0
185611,0
185612,0
185613,0
185614,0
185615,0
185616,0
185617,0
185618,0
185619,0
185620,0
185621,0
185622,0
185623,0
185624,0
185625,0
185626,0
185627,0
185628,0
185629,0
185630,0
185631,0
185632,0
185633,0
185634,0
185635,0
185636,0
185637,0
185638,0
185639,0
185640,0
185641,0
185642,0
185643,0
185644,0
185645,0
185646,0
185647,0
185648,0
185649,0
185650,0
185651,0
185652,0
185653,0
185654,0
185655,0
185656,0
185657,0
185658,0
185659,0
185660,0
185661,0
185662,0
185663,0
185664,0
185665,0
185666,0
185667,0
185668,0
185669,0
185670,0
185671,0
185672,0
185673,0
185674,0
185675,0
185676,0
185677,0
185678,0
185679,0
185680,0
185681,0
185682,0
185683,0
185684,0
185685,0
185686,0
185687,0
185688,0
185689,0
185690,0
185691,0
185692,0
185693,0
185694,0
185695,0
185696,0
185697,0
185698,0
185699,0
185700,0
185701,0
185702,0
185703,0
185704,0
185705,0
185706,0
185707,0
185708,0
185709,0
185710,0
185711,0
185712,0
185713,0
185714,0
185715,0
185716,0
185717,0
185718,0
185719,0
185720,0
185721,0
185722,0
185723,0
185724,0
185725,0
185726,0
185727,0
185728,0
185729,0
185730,0
185731,0
185732,0
185733,0
185734,0
185735,0
185736,0
185737,0
185738,0
185739,0
185740,0
185741,0
185742,0
185743,0
185744,0
185745,0
185746,0
185747,0
185748,0
185749,0
185750,0
185751,0
185752,0
185753,0
185754,0
185755,0
185756,0
185757,0
185758,0
185759,0
185760,0
185761,0
185762,0
185763,0
185764,0
185765,0
185766,0
185767,0
185768,0
185769,0
185770,0
185771,0
185772,0
185773,0
185774,0
185775,0
185776,0
185777,0
185778,0
185779,0
185780,0
185781,0
185782,0
185783,0
185784,0
185785,0
185786,0
185787,0
185788,0
185789,0
185790,0
185791,0
185792,0
185793,0
185794,0
185795,0
185796,0
185797,0
185798,0
185799,0
185800,0
185801,0
185802,0
185803,0
185804,0
185805,0
185806,0
185807,0
185808,0
185809,0
185810,0
185811,0
185812,0
185813,0
185814,0
185815,0
185816,0
185817,0
185818,0
185819,0
185820,0
185821,0
185822,0
185823,0
185824,0
185825,0
185826,0
185827,0
185828,0
185829,0
185830,0
185831,0
185832,0
185833,0
185834,0
185835,0
185836,0
185837,0
185838,0
185839,0
185840,0
185841,0
185842,0
185843,0
185844,0
185845,0
185846,0
185847,0
185848,0
185849,0
185850,0
185851,0
185852,0
185853,0
185854,0
185855,0
185856,0
185857,0
185858,0
185859,0
185860,0
185861,0
185862,0
185863,0
185864,0
185865,0
185866,0
185867,0
185868,0
185869,0
185870,0
185871,0
185872,0
185873,0
185874,0
185875,0
185876,0
185877,0
185878,0
185879,0
185880,0
185881,0
185882,0
185883,0
185884,0
185885,0
185886,0
185887,0
185888,0
185889,0
185890,0
185891,0
185892,0
185893,0
185894,0
185895,0
185896,0
185897,0
185898,0
185899,0
185900,0
185901,0
185902,0
185903,0
185904,0
185905,0
185906,0
185907,0
185908,0
185909,0
185910,0
185911,0
185912,0
185913,0
185914,0
185915,0
185916,0
185917,0
185918,0
185919,0
185920,0
185921,0
185922,0
185923,0
185924,0
185925,0
185926,0
185927,0
185928,0
185929,0
185930,0
185931,0
185932,0
185933,0
185934,0
185935,0
185936,0
185937,0
185938,0
185939,0
185940,0
185941,0
185942,0
185943,0
185944,0
185945,0
185946,0
185947,0
185948,0
185949,0
185950,0
185951,0
185952,0
185953,0
185954,0
185955,0
185956,0
185957,0
185958,0
185959,0
185960,0
185961,0
185962,0
185963,0
185964,0
185965,0
185966,0
185967,0
185968,0
185969,0
185970,0
185971,0
185972,0
185973,0
185974,0
185975,0
185976,0
185977,0
185978,0
185979,0
185980,0
185981,0
185982,0
185983,0
185984,0
185985,0
185986,0
185987,0
185988,0
185989,0
185990,0
185991,0
185992,0
185993,0
185994,0
185995,0
185996,0
185997,0
185998,0
185999,0
186000,0
186001,0
186002,0
186003,0
186004,0
186005,0
186006,0
186007,0
186008,0
186009,0
186010,0
186011,0
186012,0
186013,0
186014,0
186015,0
186016,0
186017,0
186018,0
186019,0
186020,0
186021,0
186022,0
186023,0
186024,0
186025,0
186026,0
186027,0
186028,0
186029,0
186030,0
186031,0
186032,0
186033,0
186034,0
186035,0
186036,0
186037,0
186038,0
186039,0
186040,0
186041,0
186042,0
186043,0
186044,0
186045,0
186046,0
186047,0
186048,0
186049,0
186050,0
186051,0
186052,0
186053,0
186054,0
186055,0
186056,0
186057,0
186058,0
186059,0
186060,0
186061,0
186062,0
186063,0
186064,0
186065,0
186066,0
186067,0
186068,0
186069,0
186070,0
186071,0
186072,0
186073,0
186074,0
186075,0
186076,0
186077,0
186078,0
186079,0
186080,0
186081,0
186082,0
186083,0
186084,0
186085,0
186086,0
186087,0
186088,0
186089,0
186090,0
186091,0
186092,0
186093,0
186094,0
186095,0
186096,0
186097,0
186098,0
186099,0
186100,0
186101,0
186102,0
186103,0
186104,0
186105,0
186106,0
186107,0
186108,0
186109,0
186110,0
186111,0
186112,0
186113,0
186114,0
186115,0
186116,0
186117,0
186118,0
186119,0
186120,0
186121,0
186122,0
186123,0
186124,0
186125,0
186126,0
186127,0
186128,0
186129,0
186130,0
186131,0
186132,0
186133,0
186134,0
186135,0
186136,0
186137,0
186138,0
186139,0
186140,0
186141,0
186142,0
186143,0
186144,0
186145,0
186146,0
186147,0
186148,0
186149,0
186150,0
186151,0
186152,0
186153,0
186154,0
186155,0
186156,0
186157,0
186158,0
186159,0
186160,0
186161,0
186162,0
186163,0
186164,0
186165,0
186166,0
186167,0
186168,0
186169,0
186170,0
186171,0
186172,0
186173,0
186174,0
186175,0
186176,0
186177,0
186178,0
186179,0
186180,0
186181,0
186182,0
186183,0
186184,0
186185,0
186186,0
186187,0
186188,0
186189,0
186190,0
186191,0
186192,0
186193,0
186194,0
186195,0
186196,0
186197,0
186198,0
186199,0
186200,0
186201,0
186202,0
186203,0
186204,0
186205,0
186206,0
186207,0
186208,0
186209,0
186210,0
186211,0
186212,0
186213,0
186214,0
186215,0
186216,0
186217,0
186218,0
186219,0
186220,0
186221,0
186222,0
186223,0
186224,0
186225,0
186226,0
186227,0
186228,0
186229,0
186230,0
186231,0
186232,0
186233,0
186234,0
186235,0
186236,0
186237,0
186238,0
186239,0
186240,0
186241,0
186242,0
186243,0
186244,0
186245,0
186246,0
186247,0
186248,0
186249,0
186250,0
186251,0
186252,0
186253,0
186254,0
186255,0
186256,0
186257,0
186258,0
186259,0
186260,0
186261,0
186262,0
186263,0
186264,0
186265,0
186266,0
186267,0
186268,0
186269,0
186270,0
186271,0
186272,0
186273,0
186274,0
186275,0
186276,0
186277,0
186278,0
186279,0
186280,0
186281,0
186282,0
186283,0
186284,0
186285,0
186286,0
186287,0
186288,0
186289,0
186290,0
186291,0
186292,0
186293,0
186294,0
186295,0
186296,0
186297,0
186298,0
186299,0
186300,0
186301,0
186302,0
186303,0
186304,0
186305,0
186306,0
186307,0
186308,0
186309,0
186310,0
186311,0
186312,0
186313,0
186314,0
186315,0
186316,0
186317,0
186318,0
186319,0
186320,0
186321,0
186322,0
186323,0
186324,0
186325,0
186326,0
186327,0
186328,0
186329,0
186330,0
186331,0
186332,0
186333,0
186334,0
186335,0
186336,0
186337,0
186338,0
186339,0
186340,0
186341,0
186342,0
186343,0
186344,0
186345,0
186346,0
186347,0
186348,0
186349,0
186350,0
186351,0
186352,0
186353,0
186354,0
186355,0
186356,0
186357,0
186358,0
186359,0
186360,0
186361,0
186362,0
186363,0
186364,0
186365,0
186366,0
186367,0
186368,0
186369,0
186370,0
186371,0
186372,0
186373,0
186374,0
186375,0
186376,0
186377,0
186378,0
186379,0
186380,0
186381,0
186382,0
186383,0
186384,0
186385,0
186386,0
186387,0
186388,0
186389,0
186390,0
186391,0
186392,0
186393,0
186394,0
186395,0
186396,0
186397,0
186398,0
186399,0
186400,0
186401,0
186402,0
186403,0
186404,0
186405,0
186406,0
186407,0
186408,0
186409,0
186410,0
186411,0
186412,0
186413,0
186414,0
186415,0
186416,0
186417,0
186418,0
186419,0
186420,0
186421,0
186422,0
186423,0
186424,0
186425,0
186426,0
186427,0
186428,0
186429,0
186430,0
186431,0
186432,0
186433,0
186434,0
186435,0
186436,0
186437,0
186438,0
186439,0
186440,0
186441,0
186442,0
186443,0
186444,0
186445,0
186446,0
186447,0
186448,0
186449,0
186450,0
186451,0
186452,0
186453,0
186454,0
186455,0
186456,0
186457,0
186458,0
186459,0
186460,0
186461,0
186462,0
186463,0
186464,0
186465,0
186466,0
186467,0
186468,0
186469,0
186470,0
186471,0
186472,0
186473,0
186474,0
186475,0
186476,0
186477,0
186478,0
186479,0
186480,0
186481,0
186482,0
186483,0
186484,0
186485,0
186486,0
186487,0
186488,0
186489,0
186490,0
186491,0
186492,0
186493,0
186494,0
186495,0
186496,0
186497,0
186498,0
186499,0
186500,0
186501,0
186502,0
186503,0
186504,0
186505,0
186506,0
186507,0
186508,0
186509,0
186510,0
186511,0
186512,0
186513,0
186514,0
186515,0
186516,0
186517,0
186518,0
186519,0
186520,0
186521,0
186522,0
186523,0
186524,0
186525,0
186526,0
186527,0
186528,0
186529,0
186530,0
186531,0
186532,0
186533,0
186534,0
186535,0
186536,0
186537,0
186538,0
186539,0
186540,0
186541,0
186542,0
186543,0
186544,0
186545,0
186546,0
186547,0
186548,0
186549,0
186550,0
186551,0
186552,0
186553,0
186554,0
186555,0
186556,0
186557,0
186558,0
186559,0
186560,0
186561,0
186562,0
186563,0
186564,0
186565,0
186566,0
186567,0
186568,0
186569,0
186570,0
186571,0
186572,0
186573,0
186574,0
186575,0
186576,0
186577,0
186578,0
186579,0
186580,0
186581,0
186582,0
186583,0
186584,0
186585,0
186586,0
186587,0
186588,0
186589,0
186590,0
186591,0
186592,0
186593,0
186594,0
186595,0
186596,0
186597,0
186598,0
186599,0
186600,0
186601,0
186602,0
186603,0
186604,0
186605,0
186606,0
186607,0
186608,0
186609,0
186610,0
186611,0
186612,0
186613,0
186614,0
186615,0
186616,0
186617,0
186618,0
186619,0
186620,0
186621,0
186622,0
186623,0
186624,0
186625,0
186626,0
186627,0
186628,0
186629,0
186630,0
186631,0
186632,0
186633,0
186634,0
186635,0
186636,0
186637,0
186638,0
186639,0
186640,0
186641,0
186642,0
186643,0
186644,0
186645,0
186646,0
186647,0
186648,0
186649,0
186650,0
186651,0
186652,0
186653,0
186654,0
186655,0
186656,0
186657,0
186658,0
186659,0
186660,0
186661,0
186662,0
186663,0
186664,0
186665,0
186666,0
186667,0
186668,0
186669,0
186670,0
186671,0
186672,0
186673,0
186674,0
186675,0
186676,0
186677,0
186678,0
186679,0
186680,0
186681,0
186682,0
186683,0
186684,0
186685,0
186686,0
186687,0
186688,0
186689,0
186690,0
186691,0
186692,0
186693,0
186694,0
186695,0
186696,0
186697,0
186698,0
186699,0
186700,0
186701,0
186702,0
186703,0
186704,0
186705,0
186706,0
186707,0
186708,0
186709,0
186710,0
186711,0
186712,0
186713,0
186714,0
186715,0
186716,0
186717,0
186718,0
186719,0
186720,0
186721,0
186722,0
186723,0
186724,0
186725,0
186726,0
186727,0
186728,0
186729,0
186730,0
186731,0
186732,0
186733,0
186734,0
186735,0
186736,0
186737,0
186738,0
186739,0
186740,0
186741,0
186742,0
186743,0
186744,0
186745,0
186746,0
186747,0
186748,0
186749,0
186750,0
186751,0
186752,0
186753,0
186754,0
186755,0
186756,0
186757,0
186758,0
186759,0
186760,0
186761,0
186762,0
186763,0
186764,0
186765,0
186766,0
186767,0
186768,0
186769,0
186770,0
186771,0
186772,0
186773,0
186774,0
186775,0
186776,0
186777,0
186778,0
186779,0
186780,0
186781,0
186782,0
186783,0
186784,0
186785,0
186786,0
186787,0
186788,0
186789,0
186790,0
186791,0
186792,0
186793,0
186794,0
186795,0
186796,0
186797,0
186798,0
186799,0
186800,0
186801,0
186802,0
186803,0
186804,0
186805,0
186806,0
186807,0
186808,0
186809,0
186810,0
186811,0
186812,0
186813,0
186814,0
186815,0
186816,0
186817,0
186818,0
186819,0
186820,0
186821,0
186822,0
186823,0
186824,0
186825,0
186826,0
186827,0
186828,0
186829,0
186830,0
186831,0
186832,0
186833,0
186834,0
186835,0
186836,0
186837,0
186838,0
186839,0
186840,0
186841,0
186842,0
186843,0
186844,0
186845,0
186846,0
186847,0
186848,0
186849,0
186850,0
186851,0
186852,0
186853,0
186854,0
186855,0
186856,0
186857,0
186858,0
186859,0
186860,0
186861,0
186862,0
186863,0
186864,0
186865,0
186866,0
186867,0
186868,0
186869,0
186870,0
186871,0
186872,0
186873,0
186874,0
186875,0
186876,0
186877,0
186878,0
186879,0
186880,0
186881,0
186882,0
186883,0
186884,0
186885,0
186886,0
186887,0
186888,0
186889,0
186890,0
186891,0
186892,0
186893,0
186894,0
186895,0
186896,0
186897,0
186898,0
186899,0
186900,0
186901,0
186902,0
186903,0
186904,0
186905,0
186906,0
186907,0
186908,0
186909,0
186910,0
186911,0
186912,0
186913,0
186914,0
186915,0
186916,0
186917,0
186918,0
186919,0
186920,0
186921,0
186922,0
186923,0
186924,0
186925,0
186926,0
186927,0
186928,0
186929,0
186930,0
186931,0
186932,0
186933,0
186934,0
186935,0
186936,0
186937,0
186938,0
186939,0
186940,0
186941,0
186942,0
186943,0
186944,0
186945,0
186946,0
186947,0
186948,0
186949,0
186950,0
186951,0
186952,0
186953,0
186954,0
186955,0
186956,0
186957,0
186958,0
186959,0
186960,0
186961,0
186962,0
186963,0
186964,0
186965,0
186966,0
186967,0
186968,0
186969,0
186970,0
186971,0
186972,0
186973,0
186974,0
186975,0
186976,0
186977,0
186978,0
186979,0
186980,0
186981,0
186982,0
186983,0
186984,0
186985,0
186986,0
186987,0
186988,0
186989,0
186990,0
186991,0
186992,0
186993,0
186994,0
186995,0
186996,0
186997,0
186998,0
186999,0
187000,0
187001,0
187002,0
187003,0
187004,0
187005,0
187006,0
187007,0
187008,0
187009,0
187010,0
187011,0
187012,0
187013,0
187014,0
187015,0
187016,0
187017,0
187018,0
187019,0
187020,0
187021,0
187022,0
187023,0
187024,0
187025,0
187026,0
187027,0
187028,0
187029,0
187030,0
187031,0
187032,0
187033,0
187034,0
187035,0
187036,0
187037,0
187038,0
187039,0
187040,0
187041,0
187042,0
187043,0
187044,0
187045,0
187046,0
187047,0
187048,0
187049,0
187050,0
187051,0
187052,0
187053,0
187054,0
187055,0
187056,0
187057,0
187058,0
187059,0
187060,0
187061,0
187062,0
187063,0
187064,0
187065,0
187066,0
187067,0
187068,0
187069,0
187070,0
187071,0
187072,0
187073,0
187074,0
187075,0
187076,0
187077,0
187078,0
187079,0
187080,0
187081,0
187082,0
187083,0
187084,0
187085,0
187086,0
187087,0
187088,0
187089,0
187090,0
187091,0
187092,0
187093,0
187094,0
187095,0
187096,0
187097,0
187098,0
187099,0
187100,0
187101,0
187102,0
187103,0
187104,0
187105,0
187106,0
187107,0
187108,0
187109,0
187110,0
187111,0
187112,0
187113,0
187114,0
187115,0
187116,0
187117,0
187118,0
187119,0
187120,0
187121,0
187122,0
187123,0
187124,0
187125,0
187126,0
187127,0
187128,0
187129,0
187130,0
187131,0
187132,0
187133,0
187134,0
187135,0
187136,0
187137,0
187138,0
187139,0
187140,0
187141,0
187142,0
187143,0
187144,0
187145,0
187146,0
187147,0
187148,0
187149,0
187150,0
187151,0
187152,0
187153,0
187154,0
187155,0
187156,0
187157,0
187158,0
187159,0
187160,0
187161,0
187162,0
187163,0
187164,0
187165,0
187166,0
187167,0
187168,0
187169,0
187170,0
187171,0
187172,0
187173,0
187174,0
187175,0
187176,0
187177,0
187178,0
187179,0
187180,0
187181,1
187182,1
187183,1
187184,1
187185,1
187186,1
187187,1
187188,1
187189,1
187190,1
187191,1
187192,1
187193,1
187194,1
187195,1
187196,1
187197,1
187198,1
187199,1
187200,1
187201,1
187202,1
187203,1
187204,1
187205,1
187206,1
187207,1
187208,1
187209,1
187210,1
187211,1
187212,1
187213,1
187214,1
187215,1
187216,1
187217,1
187218,1
187219,1
187220,1
187221,1
187222,1
187223,1
187224,1
187225,1
187226,1
187227,1
187228,1
187229,1
187230,1
187231,1
187232,1
187233,1
187234,1
187235,1
187236,1
187237,1
187238,1
187239,1
187240,1
187241,1
187242,1
187243,1
187244,1
187245,1
187246,1
187247,1
187248,1
187249,1
187250,1
187251,1
187252,1
187253,1
187254,1
187255,1
187256,1
187257,1
187258,1
187259,1
187260,1
187261,1
187262,1
187263,1
187264,1
187265,1
187266,1
187267,1
187268,1
187269,1
187270,1
187271,1
187272,1
187273,1
187274,1
187275,1
187276,1
187277,1
187278,1
187279,1
187280,1
187281,1
187282,1
187283,1
187284,1
187285,1
187286,1
187287,1
187288,1
187289,1
187290,1
187291,1
187292,1
187293,1
187294,1
187295,1
187296,1
187297,1
187298,1
187299,1
187300,1
187301,1
187302,1
187303,1
187304,1
187305,1
187306,1
187307,1
187308,1
187309,1
187310,1
187311,1
187312,1
187313,1
187314,1
187315,1
187316,1
187317,1
187318,1
187319,1
187320,1
187321,1
187322,1
187323,1
187324,1
187325,1
187326,1
187327,1
187328,1
187329,1
187330,1
187331,1
187332,1
187333,1
187334,1
187335,1
187336,1
187337,1
187338,1
187339,1
187340,1
187341,1
187342,1
187343,1
187344,1
187345,1
187346,1
187347,1
187348,1
187349,1
187350,1
187351,1
187352,1
187353,1
187354,1
187355,1
187356,1
187357,1
187358,1
187359,1
187360,1
187361,1
187362,1
187363,1
187364,1
187365,1
187366,1
187367,1
187368,1
187369,1
187370,1
187371,1
187372,1
187373,1
187374,1
187375,1
187376,1
187377,1
187378,1
187379,1
187380,1
187381,1
187382,1
187383,1
187384,1
187385,1
187386,1
187387,1
187388,1
187389,1
187390,1
187391,1
187392,1
187393,1
187394,1
187395,1
187396,1
187397,1
187398,1
187399,1
187400,1
187401,1
187402,1
187403,1
187404,1
187405,1
187406,1
187407,1
187408,1
187409,1
187410,1
187411,1
187412,1
187413,1
187414,1
187415,1
187416,1
187417,1
187418,1
187419,1
187420,1
187421,1
187422,1
187423,1
187424,1
187425,1
187426,1
187427,1
187428,1
187429,1
187430,1
187431,1
187432,1
187433,1
187434,1
187435,1
187436,1
187437,1
187438,1
187439,1
187440,1
187441,1
187442,1
187443,1
187444,1
187445,1
187446,1
187447,1
187448,1
187449,1
187450,1
187451,1
187452,1
187453,1
187454,1
187455,1
187456,1
187457,1
187458,1
187459,1
187460,1
187461,1
187462,1
187463,1
187464,1
187465,1
187466,1
187467,1
187468,1
187469,1
187470,1
187471,1
187472,1
187473,1
187474,1
187475,1
187476,1
187477,1
187478,1
187479,1
187480,1
187481,1
187482,1
187483,1
187484,1
187485,1
187486,1
187487,1
187488,1
187489,1
187490,1
187491,1
187492,1
187493,1
187494,1
187495,1
187496,1
187497,1
187498,1
187499,1
187500,1
187501,1
187502,1
187503,1
187504,1
187505,1
187506,1
187507,1
187508,1
187509,1
187510,1
187511,1
187512,1
187513,1
187514,1
187515,1
187516,1
187517,1
187518,1
187519,1
187520,1
187521,1
187522,1
187523,1
187524,1
187525,1
187526,1
187527,1
187528,1
187529,1
187530,1
187531,1
187532,1
187533,1
187534,1
187535,1
187536,1
187537,1
187538,1
187539,1
187540,1
187541,1
187542,1
187543,1
187544,1
187545,1
187546,1
187547,1
187548,1
187549,1
187550,1
187551,1
187552,1
187553,1
187554,1
187555,1
187556,1
187557,1
187558,1
187559,1
187560,1
187561,1
187562,1
187563,1
187564,1
187565,1
187566,1
187567,1
187568,1
187569,1
187570,1
187571,1
187572,1
187573,1
187574,1
187575,1
187576,1
187577,1
187578,1
187579,1
187580,1
187581,1
187582,1
187583,1
187584,1
187585,1
187586,1
187587,1
187588,1
187589,1
187590,1
187591,1
187592,1
187593,1
187594,1
187595,1
187596,1
187597,1
187598,1
187599,1
187600,1
187601,1
187602,1
187603,1
187604,1
187605,1
187606,1
187607,1
187608,1
187609,1
187610,1
187611,1
187612,1
187613,1
187614,1
187615,1
187616,1
187617,1
187618,1
187619,1
187620,1
187621,1
187622,1
187623,1
187624,1
187625,1
187626,1
187627,1
187628,1
187629,1
187630,1
187631,1
187632,1
187633,1
187634,1
187635,1
187636,1
187637,1
187638,1
187639,1
187640,1
187641,1
187642,1
187643,1
187644,1
187645,1
187646,1
187647,1
187648,1
187649,1
187650,1
187651,1
187652,1
187653,1
187654,1
187655,1
187656,1
187657,1
187658,1
187659,1
187660,1
187661,1
187662,1
187663,1
187664,1
187665,1
187666,1
187667,1
187668,1
187669,1
187670,1
187671,1
187672,1
187673,1
187674,1
187675,1
187676,1
187677,1
187678,1
187679,1
187680,1
187681,1
187682,1
187683,1
187684,1
187685,1
187686,1
187687,1
187688,1
187689,1
187690,1
187691,1
187692,1
187693,1
187694,1
187695,1
187696,1
187697,1
187698,1
187699,1
187700,1
187701,1
187702,1
187703,1
187704,1
187705,1
187706,1
187707,1
187708,1
187709,1
187710,1
187711,1
187712,1
187713,1
187714,1
187715,1
187716,1
187717,1
187718,1
187719,1
187720,1
187721,1
187722,1
187723,1
187724,1
187725,1
187726,1
187727,1
187728,1
187729,1
187730,1
187731,1
187732,1
187733,1
187734,1
187735,1
187736,1
187737,1
187738,1
187739,1
187740,1
187741,1
187742,1
187743,1
187744,1
187745,1
187746,1
187747,1
187748,1
187749,1
187750,1
187751,1
187752,1
187753,1
187754,1
187755,1
187756,1
187757,1
187758,1
187759,1
187760,1
187761,1
187762,1
187763,1
187764,1
187765,1
187766,1
187767,1
187768,1
187769,1
187770,1
187771,1
187772,1
187773,1
187774,1
187775,1
187776,1
187777,1
187778,1
187779,1
187780,1
187781,1
187782,1
187783,1
187784,1
187785,1
187786,1
187787,1
187788,1
187789,1
187790,1
187791,1
187792,1
187793,1
187794,1
187795,1
187796,1
187797,1
187798,1
187799,1
187800,1
187801,1
187802,1
187803,1
187804,1
187805,1
187806,1
187807,1
187808,1
187809,1
187810,1
187811,1
187812,1
187813,1
187814,1
187815,1
187816,1
187817,1
187818,1
187819,1
187820,1
187821,1
187822,1
187823,1
187824,1
187825,1
187826,1
187827,1
187828,1
187829,1
187830,1
187831,1
187832,1
187833,1
187834,1
187835,1
187836,1
187837,1
187838,1
187839,1
187840,1
187841,1
187842,1
187843,1
187844,1
187845,1
187846,1
187847,1
187848,1
187849,1
187850,1
187851,1
187852,1
187853,1
187854,1
187855,1
187856,1
187857,1
187858,1
187859,1
187860,1
187861,1
187862,1
187863,1
187864,1
187865,1
187866,1
187867,1
187868,1
187869,1
187870,1
187871,1
187872,1
187873,1
187874,1
187875,1
187876,1
187877,1
187878,1
187879,1
187880,1
187881,1
187882,1
187883,1
187884,1
187885,1
187886,1
187887,1
187888,1
187889,1
187890,1
187891,1
187892,1
187893,1
187894,1
187895,1
187896,1
187897,1
187898,1
187899,1
187900,1
187901,1
187902,1
187903,1
187904,1
187905,1
187906,1
187907,1
187908,1
187909,1
187910,1
187911,1
187912,1
187913,1
187914,1
187915,1
187916,1
187917,1
187918,1
187919,1
187920,1
187921,1
187922,1
187923,1
187924,1
187925,1
187926,1
187927,1
187928,1
187929,1
187930,1
187931,1
187932,1
187933,1
187934,1
187935,1
187936,1
187937,1
187938,1
187939,1
187940,1
187941,1
187942,1
187943,1
187944,1
187945,1
187946,1
187947,1
187948,1
187949,1
187950,1
187951,1
187952,1
187953,1
187954,1
187955,1
187956,1
187957,1
187958,1
187959,1
187960,1
187961,1
187962,1
187963,1
187964,1
187965,1
187966,1
187967,1
187968,1
187969,1
187970,1
187971,1
187972,1
187973,1
187974,1
187975,1
187976,1
187977,1
187978,1
187979,1
187980,1
187981,1
187982,1
187983,1
187984,1
187985,1
187986,1
187987,1
187988,1
187989,1
187990,1
187991,1
187992,1
187993,1
187994,1
187995,1
187996,1
187997,1
187998,1
187999,1
188000,1
188001,1
188002,1
188003,1
188004,1
188005,1
188006,1
188007,1
188008,1
188009,1
188010,1
188011,1
188012,1
188013,1
188014,1
188015,1
188016,1
188017,1
188018,1
188019,1
188020,1
188021,1
188022,1
188023,1
188024,1
188025,1
188026,1
188027,1
188028,1
188029,1
188030,1
188031,1
188032,1
188033,1
188034,1
188035,1
188036,1
188037,1
188038,1
188039,1
188040,1
188041,1
188042,1
188043,1
188044,1
188045,1
188046,1
188047,1
188048,1
188049,1
188050,1
188051,1
188052,1
188053,1
188054,1
188055,1
188056,1
188057,1
188058,1
188059,1
188060,1
188061,1
188062,1
188063,1
188064,1
188065,1
188066,1
188067,1
188068,1
188069,1
188070,1
188071,1
188072,1
188073,1
188074,1
188075,1
188076,1
188077,1
188078,1
188079,1
188080,1
188081,1
188082,1
188083,1
188084,1
188085,1
188086,1
188087,1
188088,1
188089,1
188090,1
188091,1
188092,1
188093,1
188094,1
188095,1
188096,1
188097,1
188098,1
188099,1
188100,1
188101,1
188102,1
188103,1
188104,1
188105,1
188106,1
188107,1
188108,1
188109,1
188110,1
188111,1
188112,1
188113,1
188114,1
188115,1
188116,1
188117,1
188118,1
188119,1
188120,1
188121,1
188122,1
188123,1
188124,1
188125,1
188126,1
188127,1
188128,1
188129,1
188130,1
188131,1
188132,1
188133,1
188134,1
188135,1
188136,1
188137,1
188138,1
188139,1
188140,1
188141,1
188142,1
188143,1
188144,1
188145,1
188146,1
188147,1
188148,1
188149,1
188150,1
188151,1
188152,1
188153,1
188154,1
188155,1
188156,1
188157,1
188158,1
188159,1
188160,1
188161,1
188162,1
188163,1
188164,1
188165,1
188166,1
188167,1
188168,1
188169,1
188170,1
188171,1
188172,1
188173,1
188174,1
188175,1
188176,1
188177,1
188178,1
188179,1
188180,1
188181,1
188182,1
188183,1
188184,1
188185,1
188186,1
188187,1
188188,1
188189,1
188190,1
188191,1
188192,1
188193,1
188194,1
188195,1
188196,1
188197,1
188198,1
188199,1
188200,1
188201,1
188202,1
188203,1
188204,1
188205,1
188206,1
188207,1
188208,1
188209,1
188210,1
188211,1
188212,1
188213,1
188214,1
188215,1
188216,1
188217,1
188218,1
188219,1
188220,1
188221,1
188222,1
188223,1
188224,1
188225,1
188226,1
188227,1
188228,1
188229,1
188230,1
188231,1
188232,1
188233,1
188234,1
188235,1
188236,1
188237,1
188238,1
188239,1
188240,1
188241,1
188242,1
188243,1
188244,1
188245,1
188246,1
188247,1
188248,1
188249,1
188250,1
188251,1
188252,1
188253,1
188254,1
188255,1
188256,1
188257,1
188258,1
188259,1
188260,1
188261,1
188262,1
188263,1
188264,1
188265,1
188266,1
188267,1
188268,1
188269,1
188270,1
188271,1
188272,1
188273,1
188274,1
188275,1
188276,1
188277,1
188278,1
188279,1
188280,1
188281,1
188282,1
188283,1
188284,1
188285,1
188286,1
188287,1
188288,1
188289,1
188290,1
188291,1
188292,1
188293,1
188294,1
188295,1
188296,1
188297,1
188298,1
188299,1
188300,1
188301,1
188302,1
188303,1
188304,1
188305,1
188306,1
188307,1
188308,1
188309,1
188310,1
188311,1
188312,1
188313,1
188314,1
188315,1
188316,1
188317,1
188318,1
188319,1
188320,1
188321,1
188322,1
188323,1
188324,1
188325,1
188326,1
188327,1
188328,1
188329,1
188330,1
188331,1
188332,1
188333,1
188334,1
188335,1
188336,1
188337,1
188338,1
188339,1
188340,1
188341,1
188342,1
188343,1
188344,1
188345,1
188346,1
188347,1
188348,1
188349,1
188350,1
188351,1
188352,1
188353,1
188354,1
188355,1
188356,1
188357,1
188358,1
188359,1
188360,1
188361,1
188362,1
188363,1
188364,1
188365,1
188366,1
188367,1
188368,1
188369,1
188370,1
188371,1
188372,1
188373,1
188374,1
188375,1
188376,1
188377,1
188378,1
188379,1
188380,1
188381,1
188382,1
188383,1
188384,1
188385,1
188386,1
188387,1
188388,1
188389,1
188390,1
188391,1
188392,1
188393,1
188394,1
188395,1
188396,1
188397,1
188398,1
188399,1
188400,1
188401,1
188402,1
188403,1
188404,1
188405,1
188406,1
188407,1
188408,1
188409,1
188410,1
188411,1
188412,1
188413,1
188414,1
188415,1
188416,1
188417,1
188418,1
188419,1
188420,1
188421,1
188422,1
188423,1
188424,1
188425,1
188426,1
188427,1
188428,1
188429,1
188430,1
188431,1
188432,1
188433,1
188434,1
188435,1
188436,1
188437,1
188438,1
188439,1
188440,1
188441,1
188442,1
188443,1
188444,1
188445,1
188446,1
188447,1
188448,1
188449,1
188450,1
188451,1
188452,1
188453,1
188454,1
188455,1
188456,1
188457,1
188458,1
188459,1
188460,1
188461,1
188462,1
188463,1
188464,1
188465,1
188466,1
188467,1
188468,1
188469,1
188470,1
188471,1
188472,1
188473,1
188474,1
188475,1
188476,1
188477,1
188478,1
188479,1
188480,1
188481,1
188482,1
188483,1
188484,1
188485,1
188486,1
188487,1
188488,1
188489,1
188490,1
188491,1
188492,1
188493,1
188494,1
188495,1
188496,1
188497,1
188498,1
188499,1
188500,1
188501,1
188502,1
188503,1
188504,1
188505,1
188506,1
188507,1
188508,1
188509,1
188510,1
188511,1
188512,1
188513,1
188514,1
188515,1
188516,1
188517,1
188518,1
188519,1
188520,1
188521,1
188522,1
188523,1
188524,1
188525,1
188526,1
188527,1
188528,1
188529,1
188530,1
188531,1
188532,1
188533,1
188534,1
188535,1
188536,1
188537,1
188538,1
188539,1
188540,1
188541,1
188542,1
188543,1
188544,1
188545,1
188546,1
188547,1
188548,1
188549,1
188550,1
188551,1
188552,1
188553,1
188554,1
188555,1
188556,1
188557,1
188558,1
188559,1
188560,1
188561,1
188562,1
188563,1
188564,1
188565,1
188566,1
188567,1
188568,1
188569,1
188570,1
188571,1
188572,1
188573,1
188574,1
188575,1
188576,1
188577,1
188578,1
188579,1
188580,1
188581,1
188582,1
188583,1
188584,1
188585,1
188586,1
188587,1
188588,1
188589,1
188590,1
188591,1
188592,1
188593,1
188594,1
188595,1
188596,1
188597,1
188598,1
188599,1
188600,1
188601,1
188602,1
188603,1
188604,1
188605,1
188606,1
188607,1
188608,1
188609,1
188610,1
188611,1
188612,1
188613,1
188614,1
188615,1
188616,1
188617,1
188618,1
188619,1
188620,1
188621,1
188622,1
188623,1
188624,1
188625,1
188626,1
188627,1
188628,1
188629,1
188630,1
188631,1
188632,1
188633,1
188634,1
188635,1
188636,1
188637,1
188638,1
188639,1
188640,1
188641,1
188642,1
188643,1
188644,1
188645,1
188646,1
188647,1
188648,1
188649,1
188650,1
188651,1
188652,1
188653,1
188654,1
188655,1
188656,1
188657,1
188658,1
188659,1
188660,1
188661,1
188662,1
188663,1
188664,1
188665,1
188666,1
188667,1
188668,1
188669,1
188670,1
188671,1
188672,1
188673,1
188674,1
188675,1
188676,1
188677,1
188678,1
188679,1
188680,1
188681,1
188682,1
188683,1
188684,1
188685,1
188686,1
188687,1
188688,1
188689,1
188690,1
188691,1
188692,1
188693,1
188694,1
188695,1
188696,1
188697,1
188698,1
188699,1
188700,1
188701,1
188702,1
188703,1
188704,1
188705,1
188706,1
188707,1
188708,1
188709,1
188710,1
188711,1
188712,1
188713,1
188714,1
188715,1
188716,1
188717,1
188718,1
188719,1
188720,1
188721,1
188722,1
188723,1
188724,1
188725,1
188726,1
188727,1
188728,1
188729,1
188730,1
188731,1
188732,1
188733,1
188734,1
188735,1
188736,1
188737,1
188738,1
188739,1
188740,1
188741,1
188742,1
188743,1
188744,1
188745,1
188746,1
188747,1
188748,1
188749,1
188750,1
188751,1
188752,1
188753,1
188754,1
188755,1
188756,1
188757,1
188758,1
188759,1
188760,1
188761,1
188762,1
188763,1
188764,1
188765,1
188766,1
188767,1
188768,1
188769,1
188770,1
188771,1
188772,1
188773,1
188774,1
188775,1
188776,1
188777,1
188778,1
188779,1
188780,1
188781,1
188782,1
188783,1
188784,1
188785,1
188786,1
188787,1
188788,1
188789,1
188790,1
188791,1
188792,1
188793,1
188794,1
188795,1
188796,1
188797,1
188798,1
188799,1
188800,1
188801,1
188802,1
188803,1
188804,1
188805,1
188806,1
188807,1
188808,1
188809,1
188810,1
188811,1
188812,1
188813,1
188814,1
188815,1
188816,1
188817,1
188818,1
188819,1
188820,1
188821,1
188822,1
188823,1
188824,1
188825,1
188826,1
188827,1
188828,1
188829,1
188830,1
188831,1
188832,1
188833,1
188834,1
188835,1
188836,1
188837,1
188838,1
188839,1
188840,1
188841,1
188842,1
188843,1
188844,1
188845,1
188846,1
188847,1
188848,1
188849,1
188850,1
188851,1
188852,1
188853,1
188854,1
188855,1
188856,1
188857,1
188858,1
188859,1
188860,1
188861,1
188862,1
188863,1
188864,1
188865,1
188866,1
188867,1
188868,1
188869,1
188870,1
188871,1
188872,1
188873,1
188874,1
188875,1
188876,1
188877,1
188878,1
188879,1
188880,1
188881,1
188882,1
188883,1
188884,1
188885,1
188886,1
188887,1
188888,1
188889,1
188890,1
188891,1
188892,1
188893,1
188894,1
188895,1
188896,1
188897,1
188898,1
188899,1
188900,1
188901,1
188902,1
188903,1
188904,1
188905,1
188906,1
188907,1
188908,1
188909,1
188910,1
188911,1
188912,1
188913,1
188914,1
188915,1
188916,1
188917,1
188918,1
188919,1
188920,1
188921,1
188922,1
188923,1
188924,1
188925,1
188926,1
188927,1
188928,1
188929,1
188930,1
188931,1
188932,1
188933,1
188934,1
188935,1
188936,1
188937,1
188938,1
188939,1
188940,1
188941,1
188942,1
188943,1
188944,1
188945,1
188946,1
188947,1
188948,1
188949,1
188950,1
188951,1
188952,1
188953,1
188954,1
188955,1
188956,1
188957,1
188958,1
188959,1
188960,1
188961,1
188962,1
188963,1
188964,1
188965,1
188966,1
188967,1
188968,1
188969,1
188970,1
188971,1
188972,1
188973,1
188974,1
188975,1
188976,1
188977,1
188978,1
188979,1
188980,1
188981,1
188982,1
188983,1
188984,1
188985,1
188986,1
188987,1
188988,1
188989,1
188990,1
188991,1
188992,1
188993,1
188994,1
188995,1
188996,1
188997,1
188998,1
188999,1
189000,1
189001,1
189002,1
189003,1
189004,1
189005,1
189006,1
189007,1
189008,1
189009,1
189010,1
189011,1
189012,1
189013,1
189014,1
189015,1
189016,1
189017,1
189018,1
189019,1
189020,1
189021,1
189022,1
189023,1
189024,1
189025,1
189026,1
189027,1
189028,1
189029,1
189030,1
189031,1
189032,1
189033,1
189034,1
189035,1
189036,1
189037,1
189038,1
189039,1
189040,1
189041,1
189042,1
189043,1
189044,1
189045,1
189046,1
189047,1
189048,1
189049,1
189050,1
189051,1
189052,1
189053,1
189054,1
189055,1
189056,1
189057,1
189058,1
189059,1
189060,1
189061,1
189062,1
189063,1
189064,1
189065,1
189066,1
189067,1
189068,1
189069,1
189070,1
189071,1
189072,1
189073,1
189074,1
189075,1
189076,1
189077,1
189078,1
189079,1
189080,1
189081,1
189082,1
189083,1
189084,1
189085,1
189086,1
189087,1
189088,1
189089,1
189090,1
189091,1
189092,1
189093,1
189094,1
189095,1
189096,1
189097,1
189098,1
189099,1
189100,1
189101,1
189102,1
189103,1
189104,1
189105,1
189106,1
189107,1
189108,1
189109,1
189110,1
189111,1
189112,1
189113,1
189114,1
189115,1
189116,1
189117,1
189118,1
189119,1
189120,1
189121,1
189122,1
189123,1
189124,1
189125,1
189126,1
189127,1
189128,1
189129,1
189130,1
189131,1
189132,1
189133,1
189134,1
189135,1
189136,1
189137,1
189138,1
189139,1
189140,1
189141,1
189142,1
189143,1
189144,1
189145,1
189146,1
189147,1
189148,1
189149,1
189150,1
189151,1
189152,1
189153,1
189154,1
189155,1
189156,1
189157,1
189158,1
189159,1
189160,1
189161,1
189162,1
189163,1
189164,1
189165,1
189166,1
189167,1
189168,1
189169,1
189170,1
189171,1
189172,1
189173,1
189174,1
189175,1
189176,1
189177,1
189178,1
189179,1
189180,1
189181,1
189182,1
189183,1
189184,1
189185,1
189186,1
189187,1
189188,1
189189,1
189190,1
189191,1
189192,1
189193,1
189194,1
189195,1
189196,1
189197,1
189198,1
189199,1
189200,1
189201,1
189202,1
189203,1
189204,1
189205,1
189206,1
189207,1
189208,1
189209,1
189210,1
189211,1
189212,1
189213,1
189214,1
189215,1
189216,1
189217,1
189218,1
189219,1
189220,1
189221,1
189222,1
189223,1
189224,1
189225,1
189226,1
189227,1
189228,1
189229,1
189230,1
189231,1
189232,1
189233,1
189234,1
189235,1
189236,1
189237,1
189238,1
189239,1
189240,1
189241,1
189242,1
189243,1
189244,1
189245,1
189246,1
189247,1
189248,1
189249,1
189250,1
189251,1
189252,1
189253,1
189254,1
189255,1
189256,1
189257,1
189258,1
189259,1
189260,1
189261,1
189262,1
189263,1
189264,1
189265,1
189266,1
189267,1
189268,1
189269,1
189270,1
189271,1
189272,1
189273,1
189274,1
189275,1
189276,1
189277,1
189278,1
189279,1
189280,1
189281,1
189282,1
189283,1
189284,1
189285,1
189286,1
189287,1
189288,1
189289,1
189290,1
189291,1
189292,1
189293,1
189294,1
189295,1
189296,1
189297,1
189298,1
189299,1
189300,1
189301,1
189302,1
189303,1
189304,1
189305,1
189306,1
189307,1
189308,1
189309,1
189310,1
189311,1
189312,1
189313,1
189314,1
189315,1
189316,1
189317,1
189318,1
189319,1
189320,1
189321,1
189322,1
189323,1
189324,1
189325,1
189326,1
189327,1
189328,1
189329,1
189330,1
189331,1
189332,1
189333,1
189334,1
189335,1
189336,1
189337,1
189338,1
189339,1
189340,1
189341,1
189342,1
189343,1
189344,1
189345,1
189346,1
189347,1
189348,1
189349,1
189350,1
189351,1
189352,1
189353,1
189354,1
189355,1
189356,1
189357,1
189358,1
189359,1
189360,1
189361,1
189362,1
189363,1
189364,1
189365,1
189366,1
189367,1
189368,1
189369,1
189370,1
189371,1
189372,1
189373,1
189374,1
189375,1
189376,1
189377,1
189378,1
189379,1
189380,1
189381,1
189382,1
189383,1
189384,1
189385,1
189386,1
189387,1
189388,1
189389,1
189390,1
189391,1
189392,1
189393,1
189394,1
189395,1
189396,1
189397,1
189398,1
189399,1
189400,1
189401,1
189402,1
189403,1
189404,1
189405,1
189406,1
189407,1
189408,1
189409,1
189410,1
189411,1
189412,1
189413,1
189414,1
189415,1
189416,1
189417,1
189418,1
189419,1
189420,1
189421,1
189422,1
189423,1
189424,1
189425,1
189426,1
189427,1
189428,1
189429,1
189430,1
189431,1
189432,1
189433,1
189434,1
189435,1
189436,1
189437,1
189438,1
189439,1
189440,1
189441,1
189442,1
189443,1
189444,1
189445,1
189446,1
189447,1
189448,1
189449,1
189450,1
189451,1
189452,1
189453,1
189454,1
189455,1
189456,1
189457,1
189458,1
189459,1
189460,1
189461,1
189462,1
189463,1
189464,1
189465,1
189466,1
189467,1
189468,1
189469,1
189470,1
189471,1
189472,1
189473,1
189474,1
189475,1
189476,1
189477,1
189478,1
189479,1
189480,1
189481,1
189482,1
189483,1
189484,1
189485,1
189486,1
189487,1
189488,1
189489,1
189490,1
189491,1
189492,1
189493,1
189494,1
189495,1
189496,1
189497,1
189498,1
189499,1
189500,1
189501,1
189502,1
189503,1
189504,1
189505,1
189506,1
189507,1
189508,1
189509,1
189510,1
189511,1
189512,1
189513,1
189514,1
189515,1
189516,1
189517,1
189518,1
189519,1
189520,1
189521,1
189522,1
189523,1
189524,1
189525,1
189526,1
189527,1
189528,1
189529,1
189530,1
189531,1
189532,1
189533,1
189534,1
189535,1
189536,1
189537,1
189538,1
189539,1
189540,1
189541,1
189542,1
189543,1
189544,1
189545,1
189546,1
189547,1
189548,1
189549,1
189550,1
189551,1
189552,1
189553,1
189554,1
189555,1
189556,1
189557,1
189558,1
189559,1
189560,1
189561,1
189562,1
189563,1
189564,1
189565,1
189566,1
189567,1
189568,1
189569,1
189570,1
189571,1
189572,1
189573,1
189574,1
189575,1
189576,1
189577,1
189578,1
189579,1
189580,1
189581,1
189582,1
189583,1
189584,1
189585,1
189586,1
189587,1
189588,1
189589,1
189590,1
189591,1
189592,1
189593,1
189594,1
189595,1
189596,1
189597,1
189598,1
189599,1
189600,1
189601,1
189602,1
189603,1
189604,1
189605,1
189606,1
189607,1
189608,1
189609,1
189610,1
189611,1
189612,1
189613,1
189614,1
189615,1
189616,1
189617,1
189618,1
189619,1
189620,1
189621,1
189622,1
189623,1
189624,1
189625,1
189626,1
189627,1
189628,1
189629,1
189630,1
189631,1
189632,1
189633,1
189634,1
189635,1
189636,1
189637,1
189638,1
189639,1
189640,1
189641,1
189642,1
189643,1
189644,1
189645,1
189646,1
189647,1
189648,1
189649,1
189650,1
189651,1
189652,1
189653,1
189654,1
189655,1
189656,1
189657,1
189658,1
189659,1
189660,1
189661,1
189662,1
189663,1
189664,1
189665,1
189666,1
189667,1
189668,1
189669,1
189670,1
189671,1
189672,1
189673,1
189674,1
189675,1
189676,1
189677,1
189678,1
189679,1
189680,1
189681,1
189682,1
189683,1
189684,1
189685,1
189686,1
189687,1
189688,1
189689,1
189690,1
189691,1
189692,1
189693,1
189694,1
189695,1
189696,1
189697,1
189698,1
189699,1
189700,1
189701,1
189702,1
189703,1
189704,1
189705,1
189706,1
189707,1
189708,1
189709,1
189710,1
189711,1
189712,1
189713,1
189714,1
189715,1
189716,1
189717,1
189718,1
189719,1
189720,1
189721,1
189722,1
189723,1
189724,1
189725,1
189726,1
189727,1
189728,1
189729,1
189730,1
189731,1
189732,1
189733,1
189734,1
189735,1
189736,1
189737,1
189738,1
189739,1
189740,1
189741,1
189742,1
189743,1
189744,1
189745,1
189746,1
189747,1
189748,1
189749,1
189750,1
189751,1
189752,1
189753,1
189754,1
189755,1
189756,1
189757,1
189758,1
189759,1
189760,1
189761,1
189762,1
189763,1
189764,1
189765,1
189766,1
189767,1
189768,1
189769,1
189770,1
189771,1
189772,1
189773,1
189774,1
189775,1
189776,1
189777,1
189778,1
189779,1
189780,1
189781,1
189782,1
189783,1
189784,1
189785,1
189786,1
189787,1
189788,1
189789,1
189790,1
189791,1
189792,1
189793,1
189794,1
189795,1
189796,1
189797,1
189798,1
189799,1
189800,1
189801,1
189802,1
189803,1
189804,1
189805,1
189806,1
189807,1
189808,1
189809,1
189810,1
189811,1
189812,1
189813,1
189814,1
189815,1
189816,1
189817,1
189818,1
189819,1
189820,1
189821,1
189822,1
189823,1
189824,1
189825,1
189826,1
189827,1
189828,1
189829,1
189830,1
189831,1
189832,1
189833,1
189834,1
189835,1
189836,1
189837,1
189838,1
189839,1
189840,1
189841,1
189842,1
189843,1
189844,1
189845,1
189846,1
189847,1
189848,1
189849,1
189850,1
189851,1
189852,1
189853,1
189854,1
189855,1
189856,1
189857,1
189858,1
189859,1
189860,1
189861,1
189862,1
189863,1
189864,1
189865,1
189866,1
189867,1
189868,1
189869,1
189870,1
189871,1
189872,1
189873,1
189874,1
189875,1
189876,1
189877,1
189878,1
189879,1
189880,1
189881,1
189882,1
189883,1
189884,1
189885,1
189886,1
189887,1
189888,1
189889,1
189890,1
189891,1
189892,1
189893,1
189894,1
189895,1
189896,1
189897,1
189898,1
189899,1
189900,1
189901,1
189902,1
189903,1
189904,1
189905,1
189906,1
189907,1
189908,1
189909,1
189910,1
189911,1
189912,1
189913,1
189914,1
189915,1
189916,1
189917,1
189918,1
189919,1
189920,1
189921,1
189922,1
189923,1
189924,1
189925,1
189926,1
189927,1
189928,1
189929,1
189930,1
189931,1
189932,1
189933,1
189934,1
189935,1
189936,1
189937,1
189938,1
189939,1
189940,1
189941,1
189942,1
189943,1
189944,1
189945,1
189946,1
189947,1
189948,1
189949,1
189950,1
189951,1
189952,1
189953,1
189954,1
189955,1
189956,1
189957,1
189958,1
189959,1
189960,1
189961,1
189962,1
189963,1
189964,1
189965,1
189966,1
189967,1
189968,1
189969,1
189970,1
189971,1
189972,1
189973,1
189974,1
189975,1
189976,1
189977,1
189978,1
189979,1
189980,1
189981,1
189982,1
189983,1
189984,1
189985,1
189986,1
189987,1
189988,1
189989,1
189990,1
189991,1
189992,1
189993,1
189994,1
189995,1
189996,1
189997,1
189998,1
189999,1
190000,1
190001,1
190002,1
190003,1
190004,1
190005,1
190006,1
190007,1
190008,1
190009,1
190010,1
190011,1
190012,1
190013,1
190014,1
190015,1
190016,1
190017,1
190018,1
190019,1
190020,1
190021,1
190022,1
190023,1
190024,1
190025,1
190026,1
190027,1
190028,1
190029,1
190030,1
190031,1
190032,1
190033,1
190034,1
190035,1
190036,1
190037,1
190038,1
190039,1
190040,1
190041,1
190042,1
190043,1
190044,1
190045,1
190046,1
190047,1
190048,1
190049,1
190050,1
190051,1
190052,1
190053,1
190054,1
190055,1
190056,1
190057,1
190058,1
190059,1
190060,1
190061,1
190062,1
190063,1
190064,1
190065,1
190066,1
190067,1
190068,1
190069,1
190070,1
190071,1
190072,1
190073,1
190074,1
190075,1
190076,1
190077,1
190078,1
190079,1
190080,1
190081,1
190082,1
190083,1
190084,1
190085,1
190086,1
190087,1
190088,1
190089,1
190090,1
190091,1
190092,1
190093,1
190094,1
190095,1
190096,1
190097,1
190098,1
190099,1
190100,1
190101,1
190102,1
190103,1
190104,1
190105,1
190106,1
190107,1
190108,1
190109,1
190110,1
190111,1
190112,1
190113,1
190114,1
190115,1
190116,1
190117,1
190118,1
190119,1
190120,1
190121,1
190122,1
190123,1
190124,1
190125,1
190126,1
190127,1
190128,1
190129,1
190130,1
190131,1
190132,1
190133,1
190134,1
190135,1
190136,1
190137,1
190138,1
190139,1
190140,1
190141,1
190142,1
190143,1
190144,1
190145,1
190146,1
190147,1
190148,1
190149,1
190150,1
190151,1
190152,1
190153,1
190154,1
190155,1
190156,1
190157,1
190158,1
190159,1
190160,1
190161,1
190162,1
190163,1
190164,1
190165,1
190166,1
190167,1
190168,1
190169,1
190170,1
190171,1
190172,1
190173,1
190174,1
190175,1
190176,1
190177,1
190178,1
190179,1
190180,1
190181,1
190182,1
190183,1
190184,1
190185,1
190186,1
190187,1
190188,1
190189,1
190190,1
190191,1
190192,1
190193,1
190194,1
190195,1
190196,1
190197,1
190198,1
190199,1
190200,1
190201,1
190202,1
190203,1
190204,1
190205,1
190206,1
190207,1
190208,1
190209,1
190210,1
190211,1
190212,1
190213,1
190214,1
190215,1
190216,1
190217,1
190218,1
190219,1
190220,1
190221,1
190222,1
190223,1
190224,1
190225,1
190226,1
190227,1
190228,1
190229,1
190230,1
190231,1
190232,1
190233,1
190234,1
190235,1
190236,1
190237,1
190238,1
190239,1
190240,1
190241,1
190242,1
190243,1
190244,1
190245,1
190246,1
190247,1
190248,1
190249,1
190250,1
190251,1
190252,1
190253,1
190254,1
190255,1
190256,1
190257,1
190258,1
190259,1
190260,1
190261,1
190262,1
190263,1
190264,1
190265,1
190266,1
190267,1
190268,1
190269,1
190270,1
190271,1
190272,1
190273,1
190274,1
190275,1
190276,1
190277,1
190278,1
190279,1
190280,1
190281,1
190282,1
190283,1
190284,1
190285,1
190286,1
190287,1
190288,1
190289,1
190290,1
190291,1
190292,1
190293,1
190294,1
190295,1
190296,1
190297,1
190298,1
190299,1
190300,1
190301,1
190302,1
190303,1
190304,1
190305,1
190306,1
190307,1
190308,1
190309,1
190310,1
190311,1
190312,1
190313,1
190314,1
190315,1
190316,1
190317,1
190318,1
190319,1
190320,1
190321,1
190322,1
190323,1
190324,1
190325,1
190326,1
190327,1
190328,1
190329,1
190330,1
190331,1
190332,1
190333,1
190334,1
190335,1
190336,1
190337,1
190338,1
190339,1
190340,1
190341,1
190342,1
190343,1
190344,1
190345,1
190346,1
190347,1
190348,1
190349,1
190350,1
190351,1
190352,1
190353,1
190354,1
190355,1
190356,1
190357,1
190358,1
190359,1
190360,1
190361,1
190362,1
190363,1
190364,1
190365,1
190366,1
190367,1
190368,1
190369,1
190370,1
190371,1
190372,1
190373,1
190374,1
190375,1
190376,1
190377,1
190378,1
190379,1
190380,1
190381,1
190382,1
190383,1
190384,1
190385,1
190386,1
190387,1
190388,1
190389,1
190390,1
190391,1
190392,1
190393,1
190394,1
190395,1
190396,1
190397,1
190398,1
190399,1
190400,1
190401,1
190402,1
190403,1
190404,1
190405,1
190406,1
190407,1
190408,1
190409,1
190410,1
190411,1
190412,1
190413,1
190414,1
190415,1
190416,1
190417,1
190418,1
190419,1
190420,1
190421,1
190422,1
190423,1
190424,1
190425,1
190426,1
190427,1
190428,1
190429,1
190430,1
190431,1
190432,1
190433,1
190434,1
190435,1
190436,1
190437,1
190438,1
190439,1
190440,1
190441,1
190442,1
190443,1
190444,1
190445,1
190446,1
190447,1
190448,1
190449,1
190450,1
190451,1
190452,1
190453,1
190454,1
190455,1
190456,1
190457,1
190458,1
190459,1
190460,1
190461,1
190462,1
190463,1
190464,1
190465,1
190466,1
190467,1
190468,1
190469,1
190470,1
190471,1
190472,1
190473,1
190474,1
190475,1
190476,1
190477,1
190478,1
190479,1
190480,1
190481,1
190482,1
190483,1
190484,1
190485,1
190486,1
190487,1
190488,1
190489,1
190490,1
190491,1
190492,1
190493,1
190494,1
190495,1
190496,1
190497,1
190498,1
190499,1
190500,1
190501,1
190502,1
190503,1
190504,1
190505,1
190506,1
190507,1
190508,1
190509,1
190510,1
190511,1
190512,1
190513,1
190514,1
190515,1
190516,1
190517,1
190518,1
190519,1
190520,1
190521,1
190522,1
190523,1
190524,1
190525,1
190526,1
190527,1
190528,1
190529,1
190530,1
190531,1
190532,1
190533,1
190534,1
190535,1
190536,1
190537,1
190538,1
190539,1
190540,1
190541,1
190542,1
190543,1
190544,1
190545,1
190546,1
190547,1
190548,1
190549,1
190550,1
190551,1
190552,1
190553,1
190554,1
190555,1
190556,1
190557,1
190558,1
190559,1
190560,1
190561,1
190562,1
190563,1
190564,1
190565,1
190566,1
190567,1
190568,1
190569,1
190570,1
190571,1
190572,1
190573,1
190574,1
190575,1
190576,1
190577,1
190578,1
190579,1
190580,1
190581,1
190582,1
190583,1
190584,1
190585,1
190586,1
190587,1
190588,1
190589,1
190590,1
190591,1
190592,1
190593,1
190594,1
190595,1
190596,1
190597,1
190598,1
190599,1
190600,1
190601,1
190602,1
190603,1
190604,1
190605,1
190606,1
190607,1
190608,1
190609,1
190610,1
190611,1
190612,1
190613,1
190614,1
190615,1
190616,1
190617,1
190618,1
190619,1
190620,1
190621,1
190622,1
190623,1
190624,1
190625,1
190626,1
190627,1
190628,1
190629,1
190630,1
190631,1
190632,1
190633,1
190634,1
190635,1
190636,1
190637,1
190638,1
190639,1
190640,1
190641,1
190642,1
190643,1
190644,1
190645,1
190646,1
190647,1
190648,1
190649,1
190650,1
190651,1
190652,1
190653,1
190654,1
190655,1
190656,1
190657,1
190658,1
190659,1
190660,1
190661,1
190662,1
190663,1
190664,1
190665,1
190666,1
190667,1
190668,1
190669,1
190670,1
190671,1
190672,1
190673,1
190674,1
190675,1
190676,1
190677,1
190678,1
190679,1
190680,1
190681,1
190682,1
190683,1
190684,1
190685,1
190686,1
190687,1
190688,1
190689,1
190690,1
190691,1
190692,1
190693,1
190694,1
190695,1
190696,1
190697,1
190698,1
190699,1
190700,1
190701,1
190702,1
190703,1
190704,1
190705,1
190706,1
190707,1
190708,1
190709,1
190710,1
190711,1
190712,1
190713,1
190714,1
190715,1
190716,1
190717,1
190718,1
190719,1
190720,1
190721,1
190722,1
190723,1
190724,1
190725,1
190726,1
190727,1
190728,1
190729,1
190730,1
190731,1
190732,1
190733,1
190734,1
190735,1
190736,1
190737,1
190738,1
190739,1
190740,1
190741,1
190742,1
190743,1
190744,1
190745,1
190746,1
190747,1
190748,1
190749,1
190750,1
190751,1
190752,1
190753,1
190754,1
190755,1
190756,1
190757,1
190758,1
190759,1
190760,1
190761,1
190762,1
190763,1
190764,1
190765,1
190766,1
190767,1
190768,1
190769,1
190770,1
190771,1
190772,1
190773,1
190774,1
190775,1
190776,1
190777,1
190778,1
190779,1
190780,1
190781,1
190782,1
190783,1
190784,1
190785,1
190786,1
190787,1
190788,1
190789,1
190790,1
190791,1
190792,1
190793,1
190794,1
190795,1
190796,1
190797,1
190798,1
190799,1
190800,1
190801,1
190802,1
190803,1
190804,1
190805,1
190806,1
190807,1
190808,1
190809,1
190810,1
190811,1
190812,1
190813,1
190814,1
190815,1
190816,1
190817,1
190818,1
190819,1
190820,1
190821,1
190822,1
190823,1
190824,1
190825,1
190826,1
190827,1
190828,1
190829,1
190830,1
190831,1
190832,1
190833,1
190834,1
190835,1
190836,1
190837,1
190838,1
190839,1
190840,1
190841,1
190842,1
190843,1
190844,1
190845,1
190846,1
190847,1
190848,1
190849,1
190850,1
190851,1
190852,1
190853,1
190854,1
190855,1
190856,1
190857,1
190858,1
190859,1
190860,1
190861,1
190862,1
190863,1
190864,1
190865,1
190866,1
190867,1
190868,1
190869,1
190870,1
190871,1
190872,1
190873,1
190874,1
190875,1
190876,1
190877,1
190878,1
190879,1
190880,1
190881,1
190882,1
190883,1
190884,1
190885,1
190886,1
190887,1
190888,1
190889,1
190890,1
190891,1
190892,1
190893,1
190894,1
190895,1
190896,1
190897,1
190898,1
190899,1
190900,1
190901,1
190902,1
190903,1
190904,1
190905,1
190906,1
190907,1
190908,1
190909,1
190910,1
190911,1
190912,1
190913,1
190914,1
190915,1
190916,1
190917,1
190918,1
190919,1
190920,1
190921,1
190922,1
190923,1
190924,1
190925,1
190926,1
190927,1
190928,1
190929,1
190930,1
190931,1
190932,1
190933,1
190934,1
190935,1
190936,1
190937,1
190938,1
190939,1
190940,1
190941,1
190942,1
190943,1
190944,1
190945,1
190946,1
190947,1
190948,1
190949,1
190950,1
190951,1
190952,1
190953,1
190954,1
190955,1
190956,1
190957,1
190958,1
190959,1
190960,1
190961,1
190962,1
190963,1
190964,1
190965,1
190966,1
190967,1
190968,1
190969,1
190970,1
190971,1
190972,1
190973,1
190974,1
190975,1
190976,1
190977,1
190978,1
190979,1
190980,1
190981,1
190982,1
190983,1
190984,1
190985,1
190986,1
190987,1
190988,1
190989,1
190990,1
190991,1
190992,1
190993,1
190994,1
190995,1
190996,1
190997,1
190998,1
190999,1
191000,1
191001,1
191002,1
191003,1
191004,1
191005,1
191006,1
191007,1
191008,1
191009,1
191010,1
191011,1
191012,1
191013,1
191014,1
191015,1
191016,1
191017,1
191018,1
191019,1
191020,1
191021,1
191022,1
191023,1
191024,1
191025,1
191026,1
191027,1
191028,1
191029,1
191030,1
191031,1
191032,1
191033,1
191034,1
191035,1
191036,1
191037,1
191038,1
191039,1
191040,1
191041,1
191042,1
191043,1
191044,1
191045,1
191046,1
191047,1
191048,1
191049,1
191050,1
191051,1
191052,1
191053,1
191054,1
191055,1
191056,1
191057,1
191058,1
191059,1
191060,1
191061,1
191062,1
191063,1
191064,1
191065,1
191066,1
191067,1
191068,1
191069,1
191070,1
191071,1
191072,1
191073,1
191074,1
191075,1
191076,1
191077,1
191078,1
191079,1
191080,1
191081,1
191082,1
191083,1
191084,1
191085,1
191086,1
191087,1
191088,1
191089,1
191090,1
191091,1
191092,1
191093,1
191094,1
191095,1
191096,1
191097,1
191098,1
191099,1
191100,1
191101,1
191102,1
191103,1
191104,1
191105,1
191106,1
191107,1
191108,1
191109,1
191110,1
191111,1
191112,1
191113,1
191114,1
191115,1
191116,1
191117,1
191118,1
191119,1
191120,1
191121,1
191122,1
191123,1
191124,1
191125,1
191126,1
191127,1
191128,1
191129,1
191130,1
191131,1
191132,1
191133,1
191134,1
191135,1
191136,1
191137,1
191138,1
191139,1
191140,1
191141,1
191142,1
191143,1
191144,1
191145,1
191146,1
191147,1
191148,1
191149,1
191150,1
191151,1
191152,1
191153,1
191154,1
191155,1
191156,1
191157,1
191158,1
191159,1
191160,1
191161,1
191162,1
191163,1
191164,1
191165,1
191166,1
191167,1
191168,1
191169,1
191170,1
191171,1
191172,1
191173,1
191174,1
191175,1
191176,1
191177,1
191178,1
191179,1
191180,1
191181,1
191182,1
191183,1
191184,1
191185,1
191186,1
191187,1
191188,1
191189,1
191190,1
191191,1
191192,1
191193,1
191194,1
191195,1
191196,1
191197,1
191198,1
191199,1
191200,1
191201,1
191202,1
191203,1
191204,1
191205,1
191206,1
191207,1
191208,1
191209,1
191210,1
191211,1
191212,1
191213,1
191214,1
191215,1
191216,1
191217,1
191218,1
191219,1
191220,1
191221,1
191222,1
191223,1
191224,1
191225,1
191226,1
191227,1
191228,1
191229,1
191230,1
191231,1
191232,1
191233,1
191234,1
191235,1
191236,1
191237,1
191238,1
191239,1
191240,1
191241,1
191242,1
191243,1
191244,1
191245,1
191246,1
191247,1
191248,1
191249,1
191250,1
191251,1
191252,1
191253,1
191254,1
191255,1
191256,1
191257,1
191258,1
191259,1
191260,1
191261,1
191262,1
191263,1
191264,1
191265,1
191266,1
191267,1
191268,1
191269,1
191270,1
191271,1
191272,1
191273,1
191274,1
191275,1
191276,1
191277,1
191278,1
191279,1
191280,1
191281,1
191282,1
191283,1
191284,1
191285,1
191286,1
191287,1
191288,1
191289,1
191290,1
191291,1
191292,1
191293,1
191294,1
191295,1
191296,1
191297,1
191298,1
191299,1
191300,1
191301,1
191302,1
191303,1
191304,1
191305,1
191306,1
191307,1
191308,1
191309,1
191310,1
191311,1
191312,1
191313,1
191314,1
191315,1
191316,1
191317,1
191318,1
191319,1
191320,1
191321,1
191322,1
191323,1
191324,1
191325,1
191326,1
191327,1
191328,1
191329,1
191330,1
191331,1
191332,1
191333,1
191334,1
191335,1
191336,1
191337,1
191338,1
191339,1
191340,1
191341,1
191342,1
191343,1
191344,1
191345,1
191346,1
191347,1
191348,1
191349,1
191350,1
191351,1
191352,1
191353,1
191354,1
191355,1
191356,1
191357,1
191358,1
191359,1
191360,1
191361,1
191362,1
191363,1
191364,1
191365,1
191366,1
191367,1
191368,1
191369,1
191370,1
191371,1
191372,1
191373,1
191374,1
191375,1
191376,1
191377,1
191378,1
191379,1
191380,1
191381,1
191382,1
191383,1
191384,1
191385,1
191386,1
191387,1
191388,1
191389,1
191390,1
191391,1
191392,1
191393,1
191394,1
191395,1
191396,1
191397,1
191398,1
191399,1
191400,1
191401,1
191402,1
191403,1
191404,1
191405,1
191406,1
191407,1
191408,1
191409,1
191410,1
191411,1
191412,1
191413,1
191414,1
191415,1
191416,1
191417,1
191418,1
191419,1
191420,1
191421,1
191422,1
191423,1
191424,1
191425,1
191426,1
191427,1
191428,1
191429,1
191430,1
191431,1
191432,1
191433,1
191434,1
191435,1
191436,1
191437,1
191438,1
191439,1
191440,1
191441,1
191442,1
191443,1
191444,1
191445,1
191446,1
191447,1
191448,1
191449,1
191450,1
191451,1
191452,1
191453,1
191454,1
191455,1
191456,1
191457,1
191458,1
191459,1
191460,1
191461,1
191462,1
191463,1
191464,1
191465,1
191466,1
191467,1
191468,1
191469,1
191470,1
191471,1
191472,1
191473,1
191474,1
191475,1
191476,1
191477,1
191478,1
191479,1
191480,1
191481,1
191482,1
191483,1
191484,1
191485,1
191486,1
191487,1
191488,1
191489,1
191490,1
191491,1
191492,1
191493,1
191494,1
191495,1
191496,1
191497,1
191498,1
191499,1
191500,1
191501,1
191502,1
191503,1
191504,1
191505,1
191506,1
191507,1
191508,1
191509,1
191510,1
191511,1
191512,1
191513,1
191514,1
191515,1
191516,1
191517,1
191518,1
191519,1
191520,1
191521,1
191522,1
191523,1
191524,1
191525,1
191526,1
191527,1
191528,1
191529,1
191530,1
191531,1
191532,1
191533,1
191534,1
191535,1
191536,1
191537,1
191538,1
191539,1
191540,1
191541,1
191542,1
191543,1
191544,1
191545,1
191546,1
191547,1
191548,1
191549,1
191550,1
191551,1
191552,1
191553,1
191554,1
191555,1
191556,1
191557,1
191558,1
191559,1
191560,1
191561,1
191562,1
191563,1
191564,1
191565,1
191566,1
191567,1
191568,1
191569,1
191570,1
191571,1
191572,1
191573,1
191574,1
191575,1
191576,1
191577,1
191578,1
191579,1
191580,1
191581,1
191582,1
191583,1
191584,1
191585,1
191586,1
191587,1
191588,1
191589,1
191590,1
191591,1
191592,1
191593,1
191594,1
191595,1
191596,1
191597,1
191598,1
191599,1
191600,1
191601,1
191602,1
191603,1
191604,1
191605,1
191606,1
191607,1
191608,1
191609,1
191610,1
191611,1
191612,1
191613,1
191614,1
191615,1
191616,1
191617,1
191618,1
191619,1
191620,1
191621,1
191622,1
191623,1
191624,1
191625,1
191626,1
191627,1
191628,1
191629,1
191630,1
191631,1
191632,1
191633,1
191634,1
191635,1
191636,1
191637,1
191638,1
191639,1
191640,1
191641,1
191642,1
191643,1
191644,1
191645,1
191646,1
191647,1
191648,1
191649,1
191650,1
191651,1
191652,1
191653,1
191654,1
191655,1
191656,1
191657,1
191658,1
191659,1
191660,1
191661,1
191662,1
191663,1
191664,1
191665,1
191666,1
191667,1
191668,1
191669,1
191670,1
191671,1
191672,1
191673,1
191674,1
191675,1
191676,1
191677,1
191678,1
191679,1
191680,1
191681,1
191682,1
191683,1
191684,1
191685,1
191686,1
191687,1
191688,1
191689,1
191690,1
191691,1
191692,1
191693,1
191694,1
191695,1
191696,1
191697,1
191698,1
191699,1
191700,1
191701,1
191702,1
191703,1
191704,1
191705,1
191706,1
191707,1
191708,1
191709,1
191710,1
191711,1
191712,1
191713,1
191714,1
191715,1
191716,1
191717,1
191718,1
191719,1
191720,1
191721,1
191722,1
191723,1
191724,1
191725,1
191726,1
191727,1
191728,1
191729,1
191730,1
191731,1
191732,1
191733,1
191734,1
191735,1
191736,1
191737,1
191738,1
191739,1
191740,1
191741,1
191742,1
191743,1
191744,1
191745,1
191746,1
191747,1
191748,1
191749,1
191750,1
191751,1
191752,1
191753,1
191754,1
191755,1
191756,1
191757,1
191758,1
191759,1
191760,1
191761,1
191762,1
191763,1
191764,1
191765,1
191766,1
191767,1
191768,1
191769,1
191770,1
191771,1
191772,1
191773,1
191774,1
191775,1
191776,1
191777,1
191778,1
191779,1
191780,1
191781,1
191782,1
191783,1
191784,1
191785,1
191786,1
191787,1
191788,1
191789,1
191790,1
191791,1
191792,1
191793,1
191794,1
191795,1
191796,1
191797,1
191798,1
191799,1
191800,1
191801,1
191802,1
191803,1
191804,1
191805,1
191806,1
191807,1
191808,1
191809,1
191810,1
191811,1
191812,1
191813,1
191814,1
191815,1
191816,1
191817,1
191818,1
191819,1
191820,1
191821,1
191822,1
191823,1
191824,1
191825,1
191826,1
191827,1
191828,1
191829,1
191830,1
191831,1
191832,1
191833,1
191834,1
191835,1
191836,1
191837,1
191838,1
191839,1
191840,1
191841,1
191842,1
191843,1
191844,1
191845,1
191846,1
191847,1
191848,1
191849,1
191850,1
191851,1
191852,1
191853,1
191854,1
191855,1
191856,1
191857,1
191858,1
191859,1
191860,1
191861,1
191862,1
191863,1
191864,1
191865,1
191866,1
191867,1
191868,1
191869,1
191870,1
191871,1
191872,1
191873,1
191874,1
191875,1
191876,1
191877,1
191878,1
191879,1
191880,1
191881,1
191882,1
191883,1
191884,1
191885,1
191886,1
191887,1
191888,1
191889,1
191890,1
191891,1
191892,1
191893,1
191894,1
191895,1
191896,1
191897,1
191898,1
191899,1
191900,1
191901,1
191902,1
191903,1
191904,1
191905,1
191906,1
191907,1
191908,1
191909,1
191910,1
191911,1
191912,1
191913,1
191914,1
191915,1
191916,1
191917,1
191918,1
191919,1
191920,1
191921,1
191922,1
191923,1
191924,1
191925,1
191926,1
191927,1
191928,1
191929,1
191930,1
191931,1
191932,1
191933,1
191934,1
191935,1
191936,1
191937,1
191938,1
191939,1
191940,1
191941,1
191942,1
191943,1
191944,1
191945,1
191946,1
191947,1
191948,1
191949,1
191950,1
191951,1
191952,1
191953,1
191954,1
191955,1
191956,1
191957,1
191958,1
191959,1
191960,1
191961,1
191962,1
191963,1
191964,1
191965,1
191966,1
191967,1
191968,1
191969,1
191970,1
191971,1
191972,1
191973,1
191974,1
191975,1
191976,1
191977,1
191978,1
191979,1
191980,1
191981,1
191982,1
191983,1
191984,1
191985,1
191986,1
191987,1
191988,1
191989,1
191990,1
191991,1
191992,1
191993,1
191994,1
191995,1
191996,1
191997,1
191998,1
191999,1
192000,1
192001,1
192002,1
192003,1
192004,1
192005,1
192006,1
192007,1
192008,1
192009,1
192010,1
192011,1
192012,1
192013,1
192014,1
192015,1
192016,1
192017,1
192018,1
192019,1
192020,1
192021,1
192022,1
192023,1
192024,1
192025,1
192026,1
192027,1
192028,1
192029,1
192030,1
192031,1
192032,1
192033,1
192034,1
192035,1
192036,1
192037,1
192038,1
192039,1
192040,1
192041,1
192042,1
192043,1
192044,1
192045,1
192046,1
192047,1
192048,1
192049,1
192050,1
192051,1
192052,1
192053,1
192054,1
192055,1
192056,1
192057,1
192058,1
192059,1
192060,1
192061,1
192062,1
192063,1
192064,1
192065,1
192066,1
192067,1
192068,1
192069,1
192070,1
192071,1
192072,1
192073,1
192074,1
192075,1
192076,1
192077,1
192078,1
192079,1
192080,1
192081,1
192082,1
192083,1
192084,1
192085,1
192086,1
192087,1
192088,1
192089,1
192090,1
192091,1
192092,1
192093,1
192094,1
192095,1
192096,1
192097,1
192098,1
192099,1
192100,1
192101,1
192102,1
192103,1
192104,1
192105,1
192106,1
192107,1
192108,1
192109,1
192110,1
192111,1
192112,1
192113,1
192114,1
192115,1
192116,1
192117,1
192118,1
192119,1
192120,1
192121,1
192122,1
192123,1
192124,1
192125,1
192126,1
192127,1
192128,1
192129,1
192130,1
192131,1
192132,1
192133,1
192134,1
192135,1
192136,1
192137,1
192138,1
192139,1
192140,1
192141,1
192142,1
192143,1
192144,1
192145,1
192146,1
192147,1
192148,1
192149,1
192150,1
192151,1
192152,1
192153,1
192154,1
192155,1
192156,1
192157,1
192158,1
192159,1
192160,1
192161,1
192162,1
192163,1
192164,1
192165,1
192166,1
192167,1
192168,1
192169,1
192170,1
192171,1
192172,1
192173,1
192174,1
192175,1
192176,1
192177,1
192178,1
192179,1
192180,1
192181,1
192182,1
192183,1
192184,1
192185,1
192186,1
192187,1
192188,1
192189,1
192190,1
192191,1
192192,1
192193,1
192194,1
192195,1
192196,1
192197,1
192198,1
192199,1
192200,1
192201,1
192202,1
192203,1
192204,1
192205,1
192206,1
192207,1
192208,1
192209,1
192210,1
192211,1
192212,1
192213,1
192214,1
192215,1
192216,1
192217,1
192218,1
192219,1
192220,1
192221,1
192222,1
192223,1
192224,1
192225,1
192226,1
192227,1
192228,1
192229,1
192230,1
192231,1
192232,1
192233,1
192234,1
192235,1
192236,1
192237,1
192238,1
192239,1
192240,1
192241,1
192242,1
192243,1
192244,1
192245,1
192246,1
192247,1
192248,1
192249,1
192250,1
192251,1
192252,1
192253,1
192254,1
192255,1
192256,1
192257,1
192258,1
192259,1
192260,1
192261,1
192262,1
192263,1
192264,1
192265,1
192266,1
192267,1
192268,1
192269,1
192270,1
192271,1
192272,1
192273,1
192274,1
192275,1
192276,1
192277,1
192278,1
192279,1
192280,1
192281,1
192282,1
192283,1
192284,1
192285,1
192286,1
192287,1
192288,1
192289,1
192290,1
192291,1
192292,1
192293,1
192294,1
192295,1
192296,1
192297,1
192298,1
192299,1
192300,1
192301,1
192302,1
192303,1
192304,1
192305,1
192306,1
192307,1
192308,1
192309,1
192310,1
192311,1
192312,1
192313,1
192314,1
192315,1
192316,1
192317,1
192318,1
192319,1
192320,1
192321,1
192322,1
192323,1
192324,1
192325,1
192326,1
192327,1
192328,1
192329,1
192330,1
192331,1
192332,1
192333,1
192334,1
192335,1
192336,1
192337,1
192338,1
192339,1
192340,1
192341,1
192342,1
192343,1
192344,1
192345,1
192346,1
192347,1
192348,1
192349,1
192350,1
192351,1
192352,1
192353,1
192354,1
192355,1
192356,1
192357,1
192358,1
192359,1
192360,1
192361,1
192362,1
192363,1
192364,1
192365,1
192366,1
192367,1
192368,1
192369,1
192370,1
192371,1
192372,1
192373,1
192374,1
192375,1
192376,1
192377,1
192378,1
192379,1
192380,1
192381,1
192382,1
192383,1
192384,1
192385,1
192386,1
192387,1
192388,1
192389,1
192390,1
192391,1
192392,1
192393,1
192394,1
192395,1
192396,1
192397,1
192398,1
192399,1
192400,1
192401,1
192402,1
192403,1
192404,1
192405,1
192406,1
192407,1
192408,1
192409,1
192410,1
192411,1
192412,1
192413,1
192414,1
192415,1
192416,1
192417,1
192418,1
192419,1
192420,1
192421,1
192422,1
192423,1
192424,1
192425,1
192426,1
192427,1
192428,1
192429,1
192430,1
192431,1
192432,1
192433,1
192434,1
192435,1
192436,1
192437,1
192438,1
192439,1
192440,1
192441,1
192442,1
192443,1
192444,1
192445,1
192446,1
192447,1
192448,1
192449,1
192450,1
192451,1
192452,1
192453,1
192454,1
192455,1
192456,1
192457,1
192458,1
192459,1
192460,1
192461,1
192462,1
192463,1
192464,1
192465,1
192466,1
192467,1
192468,1
192469,1
192470,1
192471,1
192472,1
192473,1
192474,1
192475,1
192476,1
192477,1
192478,1
192479,1
192480,1
192481,1
192482,1
192483,1
192484,1
192485,1
192486,1
192487,1
192488,1
192489,1
192490,1
192491,1
192492,1
192493,1
192494,1
192495,1
192496,1
192497,1
192498,1
192499,1
192500,1
192501,1
192502,1
192503,1
192504,1
192505,1
192506,1
192507,1
192508,1
192509,1
192510,1
192511,1
192512,1
192513,1
192514,1
192515,1
192516,1
192517,1
192518,1
192519,1
192520,1
192521,1
192522,1
192523,1
192524,1
192525,1
192526,1
192527,1
192528,1
192529,1
192530,1
192531,1
192532,1
192533,1
192534,1
192535,1
192536,1
192537,1
192538,1
192539,1
192540,1
192541,1
192542,1
192543,1
192544,1
192545,1
192546,1
192547,1
192548,1
192549,1
192550,1
192551,1
192552,1
192553,1
192554,1
192555,1
192556,1
192557,1
192558,1
192559,1
192560,1
192561,1
192562,1
192563,1
192564,1
192565,1
192566,1
192567,1
192568,1
192569,1
192570,1
192571,1
192572,1
192573,1
192574,1
192575,1
192576,1
192577,1
192578,1
192579,1
192580,1
192581,1
192582,1
192583,1
192584,1
192585,1
192586,1
192587,1
192588,1
192589,1
192590,1
192591,1
192592,1
192593,1
192594,1
192595,1
192596,1
192597,1
192598,1
192599,1
192600,1
192601,1
192602,1
192603,1
192604,1
192605,1
192606,1
192607,1
192608,1
192609,1
192610,1
192611,1
192612,1
192613,1
192614,1
192615,1
192616,1
192617,1
192618,1
192619,1
192620,1
192621,1
192622,1
192623,1
192624,1
192625,1
192626,1
192627,1
192628,1
192629,1
192630,1
192631,1
192632,1
192633,1
192634,1
192635,1
192636,1
192637,1
192638,1
192639,1
192640,1
192641,1
192642,1
192643,1
192644,1
192645,1
192646,1
192647,1
192648,1
192649,1
192650,1
192651,1
192652,1
192653,1
192654,1
192655,1
192656,1
192657,1
192658,1
192659,1
192660,1
192661,1
192662,1
192663,1
192664,1
192665,1
192666,1
192667,1
192668,1
192669,1
192670,1
192671,1
192672,1
192673,1
192674,1
192675,1
192676,1
192677,1
192678,1
192679,1
192680,1
192681,1
192682,1
192683,1
192684,1
192685,1
192686,1
192687,1
192688,1
192689,1
192690,1
192691,1
192692,1
192693,1
192694,1
192695,1
192696,1
192697,1
192698,1
192699,1
192700,1
192701,1
192702,1
192703,1
192704,1
192705,1
192706,1
192707,1
192708,1
192709,1
192710,1
192711,1
192712,1
192713,1
192714,1
192715,1
192716,1
192717,1
192718,1
192719,1
192720,1
192721,1
192722,1
192723,1
192724,1
192725,1
192726,1
192727,1
192728,1
192729,1
192730,1
192731,1
192732,1
192733,1
192734,1
192735,1
192736,1
192737,1
192738,1
192739,1
192740,1
192741,1
192742,1
192743,1
192744,1
192745,1
192746,1
192747,1
192748,1
192749,1
192750,1
192751,1
192752,1
192753,1
192754,1
192755,1
192756,1
192757,1
192758,1
192759,1
192760,1
192761,1
192762,1
192763,1
192764,1
192765,1
192766,1
192767,1
192768,1
192769,1
192770,1
192771,1
192772,1
192773,1
192774,1
192775,1
192776,1
192777,1
192778,1
192779,1
192780,1
192781,1
192782,1
192783,1
192784,1
192785,1
192786,1
192787,1
192788,1
192789,1
192790,1
192791,1
192792,1
192793,1
192794,1
192795,1
192796,1
192797,1
192798,1
192799,1
192800,1
192801,1
192802,1
192803,1
192804,1
192805,1
192806,1
192807,1
192808,1
192809,1
192810,1
192811,1
192812,1
192813,1
192814,1
192815,1
192816,1
192817,1
192818,1
192819,1
192820,1
192821,1
192822,1
192823,1
192824,1
192825,1
192826,1
192827,1
192828,1
192829,1
192830,1
192831,1
192832,1
192833,1
192834,1
192835,1
192836,1
192837,1
192838,1
192839,1
192840,1
192841,1
192842,1
192843,1
192844,1
192845,1
192846,1
192847,1
192848,1
192849,1
192850,1
192851,1
192852,1
192853,1
192854,1
192855,1
192856,1
192857,1
192858,1
192859,1
192860,1
192861,1
192862,1
192863,1
192864,1
192865,1
192866,1
192867,1
192868,1
192869,1
192870,1
192871,1
192872,1
192873,1
192874,1
192875,1
192876,1
192877,1
192878,1
192879,1
192880,1
192881,1
192882,1
192883,1
192884,1
192885,1
192886,1
192887,1
192888,1
192889,1
192890,1
192891,1
192892,1
192893,1
192894,1
192895,1
192896,1
192897,1
192898,1
192899,1
192900,1
192901,1
192902,1
192903,1
192904,1
192905,1
192906,1
192907,1
192908,1
192909,1
192910,1
192911,1
192912,1
192913,1
192914,1
192915,1
192916,1
192917,1
192918,1
192919,1
192920,1
192921,1
192922,1
192923,1
192924,1
192925,1
192926,1
192927,1
192928,1
192929,1
192930,1
192931,1
192932,1
192933,1
192934,1
192935,1
192936,1
192937,1
192938,1
192939,1
192940,1
192941,1
192942,1
192943,1
192944,1
192945,1
192946,1
192947,1
192948,1
192949,1
192950,1
192951,1
192952,1
192953,1
192954,1
192955,1
192956,1
192957,1
192958,1
192959,1
192960,1
192961,1
192962,1
192963,1
192964,1
192965,1
192966,1
192967,1
192968,1
192969,1
192970,1
192971,1
192972,1
192973,1
192974,1
192975,1
192976,1
192977,1
192978,1
192979,1
192980,1
192981,1
192982,1
192983,1
192984,1
192985,1
192986,1
192987,1
192988,1
192989,1
192990,1
192991,1
192992,1
192993,1
192994,1
192995,1
192996,1
192997,1
192998,1
192999,1
193000,1
193001,1
193002,1
193003,1
193004,1
193005,1
193006,1
193007,1
193008,1
193009,1
193010,1
193011,1
193012,1
193013,1
193014,1
193015,1
193016,1
193017,1
193018,1
193019,1
193020,1
193021,1
193022,1
193023,1
193024,1
193025,1
193026,1
193027,1
193028,1
193029,1
193030,1
193031,1
193032,1
193033,1
193034,1
193035,1
193036,1
193037,1
193038,1
193039,1
193040,1
193041,1
193042,1
193043,1
193044,1
193045,1
193046,1
193047,1
193048,1
193049,1
193050,1
193051,1
193052,1
193053,1
193054,1
193055,1
193056,1
193057,1
193058,1
193059,1
193060,1
193061,1
193062,1
193063,1
193064,1
193065,1
193066,1
193067,1
193068,1
193069,1
193070,1
193071,1
193072,1
193073,1
193074,1
193075,1
193076,1
193077,1
193078,1
193079,1
193080,1
193081,1
193082,1
193083,1
193084,1
193085,1
193086,1
193087,1
193088,1
193089,1
193090,1
193091,1
193092,1
193093,1
193094,1
193095,1
193096,1
193097,1
193098,1
193099,1
193100,1
193101,1
193102,1
193103,1
193104,1
193105,1
193106,1
193107,1
193108,1
193109,1
193110,1
193111,1
193112,1
193113,1
193114,1
193115,1
193116,1
193117,1
193118,1
193119,1
193120,1
193121,1
193122,1
193123,1
193124,1
193125,1
193126,1
193127,1
193128,1
193129,1
193130,1
193131,1
193132,1
193133,1
193134,1
193135,1
193136,1
193137,1
193138,1
193139,1
193140,1
193141,1
193142,1
193143,1
193144,1
193145,1
193146,1
193147,1
193148,1
193149,1
193150,1
193151,1
193152,1
193153,1
193154,1
193155,1
193156,1
193157,1
193158,1
193159,1
193160,1
193161,1
193162,1
193163,1
193164,1
193165,1
193166,1
193167,1
193168,1
193169,1
193170,1
193171,1
193172,1
193173,1
193174,1
193175,1
193176,1
193177,1
193178,1
193179,1
193180,1
193181,1
193182,1
193183,1
193184,1
193185,1
193186,1
193187,1
193188,1
193189,1
193190,1
193191,1
193192,1
193193,1
193194,1
193195,1
193196,1
193197,1
193198,1
193199,1
193200,1
193201,1
193202,1
193203,1
193204,1
193205,1
193206,1
193207,1
193208,1
193209,1
193210,1
193211,1
193212,1
193213,1
193214,1
193215,1
193216,1
193217,1
193218,1
193219,1
193220,1
193221,1
193222,1
193223,1
193224,1
193225,1
193226,1
193227,1
193228,1
193229,1
193230,1
193231,1
193232,1
193233,1
193234,1
193235,1
193236,1
193237,1
193238,1
193239,1
193240,1
193241,1
193242,1
193243,1
193244,1
193245,1
193246,1
193247,1
193248,1
193249,1
193250,1
193251,1
193252,1
193253,1
193254,1
193255,1
193256,1
193257,1
193258,1
193259,1
193260,1
193261,1
193262,1
193263,1
193264,1
193265,1
193266,1
193267,1
193268,1
193269,1
193270,1
193271,1
193272,1
193273,1
193274,1
193275,1
193276,1
193277,1
193278,1
193279,1
193280,1
193281,1
193282,1
193283,1
193284,1
193285,1
193286,1
193287,1
193288,1
193289,1
193290,1
193291,1
193292,1
193293,1
193294,1
193295,1
193296,1
193297,1
193298,1
193299,1
193300,1
193301,1
193302,1
193303,1
193304,1
193305,1
193306,1
193307,1
193308,1
193309,1
193310,1
193311,1
193312,1
193313,1
193314,1
193315,1
193316,1
193317,1
193318,1
193319,1
193320,1
193321,1
193322,1
193323,1
193324,1
193325,1
193326,1
193327,1
193328,1
193329,1
193330,1
193331,1
193332,1
193333,1
193334,1
193335,1
193336,1
193337,1
193338,1
193339,1
193340,1
193341,1
193342,1
193343,1
193344,1
193345,1
193346,1
193347,1
193348,1
193349,1
193350,1
193351,1
193352,1
193353,1
193354,1
193355,1
193356,1
193357,1
193358,1
193359,1
193360,1
193361,1
193362,1
193363,1
193364,1
193365,1
193366,1
193367,1
193368,1
193369,1
193370,1
193371,1
193372,1
193373,1
193374,1
193375,1
193376,1
193377,1
193378,1
193379,1
193380,1
193381,1
193382,1
193383,1
193384,1
193385,1
193386,1
193387,1
193388,1
193389,1
193390,1
193391,1
193392,1
193393,1
193394,1
193395,1
193396,1
193397,1
193398,1
193399,1
193400,1
193401,1
193402,1
193403,1
193404,1
193405,1
193406,1
193407,1
193408,1
193409,1
193410,1
193411,1
193412,1
193413,1
193414,1
193415,1
193416,1
193417,1
193418,1
193419,1
193420,1
193421,1
193422,1
193423,1
193424,1
193425,1
193426,1
193427,1
193428,1
193429,1
193430,1
193431,1
193432,1
193433,1
193434,1
193435,1
193436,1
193437,1
193438,1
193439,1
193440,1
193441,1
193442,1
193443,1
193444,1
193445,1
